TimeQuest Timing Analyzer report for floating-point-arithmetic
Sun Mar 15 16:00:08 2026
Quartus II 64-Bit Version 13.0.1 Build 232 06/12/2013 Service Pack 1 SJ Web Edition


---------------------
; Table of Contents ;
---------------------
  1. Legal Notice
  2. TimeQuest Timing Analyzer Summary
  3. Parallel Compilation
  4. Clocks
  5. Slow 1200mV 85C Model Fmax Summary
  6. Timing Closure Recommendations
  7. Slow 1200mV 85C Model Setup Summary
  8. Slow 1200mV 85C Model Hold Summary
  9. Slow 1200mV 85C Model Recovery Summary
 10. Slow 1200mV 85C Model Removal Summary
 11. Slow 1200mV 85C Model Minimum Pulse Width Summary
 12. Propagation Delay
 13. Minimum Propagation Delay
 14. Slow 1200mV 85C Model Metastability Report
 15. Slow 1200mV 0C Model Fmax Summary
 16. Slow 1200mV 0C Model Setup Summary
 17. Slow 1200mV 0C Model Hold Summary
 18. Slow 1200mV 0C Model Recovery Summary
 19. Slow 1200mV 0C Model Removal Summary
 20. Slow 1200mV 0C Model Minimum Pulse Width Summary
 21. Propagation Delay
 22. Minimum Propagation Delay
 23. Slow 1200mV 0C Model Metastability Report
 24. Fast 1200mV 0C Model Setup Summary
 25. Fast 1200mV 0C Model Hold Summary
 26. Fast 1200mV 0C Model Recovery Summary
 27. Fast 1200mV 0C Model Removal Summary
 28. Fast 1200mV 0C Model Minimum Pulse Width Summary
 29. Propagation Delay
 30. Minimum Propagation Delay
 31. Fast 1200mV 0C Model Metastability Report
 32. Multicorner Timing Analysis Summary
 33. Progagation Delay
 34. Minimum Progagation Delay
 35. Board Trace Model Assignments
 36. Input Transition Times
 37. Signal Integrity Metrics (Slow 1200mv 0c Model)
 38. Signal Integrity Metrics (Slow 1200mv 85c Model)
 39. Signal Integrity Metrics (Fast 1200mv 0c Model)
 40. Clock Transfers
 41. Report TCCS
 42. Report RSKM
 43. Unconstrained Paths
 44. TimeQuest Timing Analyzer Messages



----------------
; Legal Notice ;
----------------
Copyright (C) 1991-2013 Altera Corporation
Your use of Altera Corporation's design tools, logic functions 
and other software and tools, and its AMPP partner logic 
functions, and any output files from any of the foregoing 
(including device programming or simulation files), and any 
associated documentation or information are expressly subject 
to the terms and conditions of the Altera Program License 
Subscription Agreement, Altera MegaCore Function License 
Agreement, or other applicable license agreement, including, 
without limitation, that your use is for the sole purpose of 
programming logic devices manufactured by Altera and sold by 
Altera or its authorized distributors.  Please refer to the 
applicable agreement for further details.



+----------------------------------------------------------------------------------------+
; TimeQuest Timing Analyzer Summary                                                      ;
+--------------------+-------------------------------------------------------------------+
; Quartus II Version ; Version 13.0.1 Build 232 06/12/2013 Service Pack 1 SJ Web Edition ;
; Revision Name      ; floating-point-arithmetic                                         ;
; Device Family      ; Cyclone IV E                                                      ;
; Device Name        ; EP4CE115F29C7                                                     ;
; Timing Models      ; Final                                                             ;
; Delay Model        ; Combined                                                          ;
; Rise/Fall Delays   ; Enabled                                                           ;
+--------------------+-------------------------------------------------------------------+


Parallel compilation was disabled, but you have multiple processors available. Enable parallel compilation to reduce compilation time.
+-------------------------------------+
; Parallel Compilation                ;
+----------------------------+--------+
; Processors                 ; Number ;
+----------------------------+--------+
; Number detected on machine ; 16     ;
; Maximum allowed            ; 1      ;
+----------------------------+--------+


----------
; Clocks ;
----------
No clocks to report.


--------------------------------------
; Slow 1200mV 85C Model Fmax Summary ;
--------------------------------------
No paths to report.


----------------------------------
; Timing Closure Recommendations ;
----------------------------------
HTML report is unavailable in plain text report export.


---------------------------------------
; Slow 1200mV 85C Model Setup Summary ;
---------------------------------------
No paths to report.


--------------------------------------
; Slow 1200mV 85C Model Hold Summary ;
--------------------------------------
No paths to report.


------------------------------------------
; Slow 1200mV 85C Model Recovery Summary ;
------------------------------------------
No paths to report.


-----------------------------------------
; Slow 1200mV 85C Model Removal Summary ;
-----------------------------------------
No paths to report.


-----------------------------------------------------
; Slow 1200mV 85C Model Minimum Pulse Width Summary ;
-----------------------------------------------------
No paths to report.


+--------------------------------------------------------------+
; Propagation Delay                                            ;
+------------+-------------+--------+--------+--------+--------+
; Input Port ; Output Port ; RR     ; RF     ; FR     ; FF     ;
+------------+-------------+--------+--------+--------+--------+
; A[0]       ; C[0]        ; 7.192  ;        ;        ; 7.522  ;
; A[1]       ; C[1]        ; 7.594  ;        ;        ; 7.852  ;
; A[2]       ; C[2]        ; 6.846  ;        ;        ; 7.140  ;
; A[3]       ; C[3]        ; 7.264  ;        ;        ; 7.510  ;
; A[4]       ; C[4]        ; 7.037  ;        ;        ; 7.316  ;
; A[5]       ; C[5]        ; 7.132  ;        ;        ; 7.481  ;
; A[6]       ; C[6]        ; 8.565  ;        ;        ; 8.963  ;
; A[7]       ; C[7]        ; 7.310  ;        ;        ; 7.554  ;
; A[8]       ; C[8]        ; 7.231  ;        ;        ; 7.480  ;
; A[9]       ; C[9]        ; 7.387  ;        ;        ; 7.666  ;
; A[10]      ; C[10]       ; 7.503  ;        ;        ; 7.828  ;
; A[11]      ; C[11]       ; 7.521  ;        ;        ; 7.846  ;
; A[12]      ; C[12]       ; 7.434  ;        ;        ; 7.707  ;
; A[13]      ; C[13]       ; 7.234  ;        ;        ; 7.477  ;
; A[14]      ; C[14]       ; 7.595  ;        ;        ; 7.850  ;
; A[15]      ; C[15]       ; 7.655  ;        ;        ; 7.916  ;
; A[16]      ; C[16]       ; 7.576  ;        ;        ; 7.853  ;
; A[17]      ; C[17]       ; 8.917  ;        ;        ; 9.281  ;
; A[18]      ; C[18]       ; 6.805  ;        ;        ; 7.099  ;
; A[19]      ; C[19]       ; 7.434  ;        ;        ; 7.662  ;
; A[20]      ; C[20]       ; 8.613  ;        ;        ; 8.962  ;
; A[21]      ; C[21]       ; 7.529  ;        ;        ; 7.825  ;
; A[22]      ; C[22]       ; 7.124  ;        ;        ; 7.452  ;
; B[0]       ; C[0]        ; 7.168  ;        ;        ; 7.480  ;
; B[1]       ; C[1]        ; 7.274  ;        ;        ; 7.518  ;
; B[2]       ; C[2]        ; 7.473  ;        ;        ; 7.818  ;
; B[3]       ; C[3]        ; 7.524  ;        ;        ; 7.805  ;
; B[4]       ; C[4]        ; 7.298  ;        ;        ; 7.611  ;
; B[5]       ; C[5]        ; 7.315  ;        ;        ; 7.629  ;
; B[6]       ; C[6]        ; 8.453  ;        ;        ; 8.861  ;
; B[7]       ; C[7]        ; 7.571  ;        ;        ; 7.884  ;
; B[8]       ; C[8]        ; 7.537  ;        ;        ; 7.850  ;
; B[9]       ; C[9]        ; 7.265  ;        ;        ; 7.513  ;
; B[10]      ; C[10]       ; 6.889  ;        ;        ; 7.181  ;
; B[11]      ; C[11]       ; 7.103  ;        ;        ; 7.419  ;
; B[12]      ; C[12]       ; 7.730  ;        ;        ; 8.038  ;
; B[13]      ; C[13]       ; 7.566  ;        ;        ; 7.846  ;
; B[14]      ; C[14]       ; 7.832  ;        ;        ; 8.117  ;
; B[15]      ; C[15]       ; 7.848  ;        ;        ; 8.132  ;
; B[16]      ; C[16]       ; 7.546  ;        ;        ; 7.815  ;
; B[17]      ; C[17]       ; 8.742  ;        ;        ; 9.120  ;
; B[18]      ; C[18]       ; 7.200  ;        ;        ; 7.523  ;
; B[19]      ; C[19]       ; 7.624  ;        ;        ; 7.875  ;
; B[20]      ; C[20]       ; 8.926  ;        ;        ; 9.311  ;
; B[21]      ; C[21]       ; 7.270  ;        ;        ; 7.512  ;
; B[22]      ; C[22]       ; 7.068  ;        ;        ; 7.356  ;
; Sel        ; C[0]        ; 8.300  ; 8.248  ; 8.682  ; 8.667  ;
; Sel        ; C[1]        ; 9.428  ; 9.418  ; 9.979  ; 9.792  ;
; Sel        ; C[2]        ; 9.102  ; 9.029  ; 9.452  ; 9.492  ;
; Sel        ; C[3]        ; 9.299  ; 9.193  ; 9.757  ; 9.688  ;
; Sel        ; C[4]        ; 9.838  ; 9.771  ; 10.375 ; 10.345 ;
; Sel        ; C[5]        ; 7.225  ; 7.174  ; 7.579  ; 7.519  ;
; Sel        ; C[6]        ; 9.305  ; 9.324  ; 9.705  ; 9.715  ;
; Sel        ; C[7]        ; 9.602  ; 9.483  ; 9.982  ; 9.974  ;
; Sel        ; C[8]        ; 9.058  ; 8.939  ; 9.394  ; 9.386  ;
; Sel        ; C[9]        ; 9.558  ; 9.548  ; 10.040 ; 9.901  ;
; Sel        ; C[10]       ; 8.790  ; 8.737  ; 9.195  ; 9.180  ;
; Sel        ; C[11]       ; 7.197  ; 7.146  ; 7.553  ; 7.493  ;
; Sel        ; C[12]       ; 8.641  ; 8.558  ; 9.043  ; 8.994  ;
; Sel        ; C[13]       ; 8.870  ; 8.770  ; 9.302  ; 9.239  ;
; Sel        ; C[14]       ; 9.723  ; 9.630  ; 10.201 ; 10.134 ;
; Sel        ; C[15]       ; 10.499 ; 10.400 ; 11.014 ; 10.949 ;
; Sel        ; C[16]       ; 8.015  ; 7.904  ; 8.330  ; 8.256  ;
; Sel        ; C[17]       ; 10.486 ; 10.540 ; 10.988 ; 10.944 ;
; Sel        ; C[18]       ; 7.337  ; 7.285  ; 7.668  ; 7.653  ;
; Sel        ; C[19]       ; 9.088  ; 8.954  ; 9.450  ; 9.368  ;
; Sel        ; C[20]       ; 10.689 ; 10.693 ; 11.141 ; 11.182 ;
; Sel        ; C[21]       ; 7.741  ; 7.634  ; 8.060  ; 7.991  ;
; Sel        ; C[22]       ; 9.990  ; 9.934  ; 10.560 ; 10.542 ;
+------------+-------------+--------+--------+--------+--------+


+--------------------------------------------------------------+
; Minimum Propagation Delay                                    ;
+------------+-------------+--------+--------+--------+--------+
; Input Port ; Output Port ; RR     ; RF     ; FR     ; FF     ;
+------------+-------------+--------+--------+--------+--------+
; A[0]       ; C[0]        ; 6.875  ;        ;        ; 7.180  ;
; A[1]       ; C[1]        ; 7.279  ;        ;        ; 7.511  ;
; A[2]       ; C[2]        ; 6.620  ;        ;        ; 6.902  ;
; A[3]       ; C[3]        ; 7.017  ;        ;        ; 7.258  ;
; A[4]       ; C[4]        ; 6.798  ;        ;        ; 7.066  ;
; A[5]       ; C[5]        ; 6.862  ;        ;        ; 7.176  ;
; A[6]       ; C[6]        ; 8.291  ;        ;        ; 8.652  ;
; A[7]       ; C[7]        ; 7.061  ;        ;        ; 7.299  ;
; A[8]       ; C[8]        ; 6.985  ;        ;        ; 7.227  ;
; A[9]       ; C[9]        ; 7.132  ;        ;        ; 7.405  ;
; A[10]      ; C[10]       ; 7.175  ;        ;        ; 7.474  ;
; A[11]      ; C[11]       ; 7.236  ;        ;        ; 7.528  ;
; A[12]      ; C[12]       ; 7.180  ;        ;        ; 7.448  ;
; A[13]      ; C[13]       ; 6.986  ;        ;        ; 7.224  ;
; A[14]      ; C[14]       ; 7.333  ;        ;        ; 7.583  ;
; A[15]      ; C[15]       ; 7.391  ;        ;        ; 7.646  ;
; A[16]      ; C[16]       ; 7.240  ;        ;        ; 7.497  ;
; A[17]      ; C[17]       ; 8.601  ;        ;        ; 8.938  ;
; A[18]      ; C[18]       ; 6.579  ;        ;        ; 6.862  ;
; A[19]      ; C[19]       ; 7.180  ;        ;        ; 7.402  ;
; A[20]      ; C[20]       ; 8.366  ;        ;        ; 8.709  ;
; A[21]      ; C[21]       ; 7.199  ;        ;        ; 7.470  ;
; A[22]      ; C[22]       ; 6.813  ;        ;        ; 7.110  ;
; B[0]       ; C[0]        ; 6.874  ;        ;        ; 7.163  ;
; B[1]       ; C[1]        ; 7.029  ;        ;        ; 7.267  ;
; B[2]       ; C[2]        ; 7.165  ;        ;        ; 7.485  ;
; B[3]       ; C[3]        ; 7.209  ;        ;        ; 7.469  ;
; B[4]       ; C[4]        ; 6.994  ;        ;        ; 7.283  ;
; B[5]       ; C[5]        ; 7.069  ;        ;        ; 7.371  ;
; B[6]       ; C[6]        ; 8.192  ;        ;        ; 8.578  ;
; B[7]       ; C[7]        ; 7.254  ;        ;        ; 7.544  ;
; B[8]       ; C[8]        ; 7.221  ;        ;        ; 7.511  ;
; B[9]       ; C[9]        ; 7.017  ;        ;        ; 7.261  ;
; B[10]      ; C[10]       ; 6.662  ;        ;        ; 6.942  ;
; B[11]      ; C[11]       ; 6.847  ;        ;        ; 7.139  ;
; B[12]      ; C[12]       ; 7.406  ;        ;        ; 7.692  ;
; B[13]      ; C[13]       ; 7.252  ;        ;        ; 7.514  ;
; B[14]      ; C[14]       ; 7.506  ;        ;        ; 7.772  ;
; B[15]      ; C[15]       ; 7.519  ;        ;        ; 7.782  ;
; B[16]      ; C[16]       ; 7.232  ;        ;        ; 7.483  ;
; B[17]      ; C[17]       ; 8.486  ;        ;        ; 8.858  ;
; B[18]      ; C[18]       ; 6.903  ;        ;        ; 7.198  ;
; B[19]      ; C[19]       ; 7.361  ;        ;        ; 7.606  ;
; B[20]      ; C[20]       ; 8.609  ;        ;        ; 8.972  ;
; B[21]      ; C[21]       ; 7.023  ;        ;        ; 7.260  ;
; B[22]      ; C[22]       ; 6.832  ;        ;        ; 7.107  ;
; Sel        ; C[0]        ; 8.014  ; 7.963  ; 8.382  ; 8.367  ;
; Sel        ; C[1]        ; 9.100  ; 9.081  ; 9.614  ; 9.443  ;
; Sel        ; C[2]        ; 8.773  ; 8.713  ; 9.122  ; 9.129  ;
; Sel        ; C[3]        ; 8.978  ; 8.875  ; 9.417  ; 9.349  ;
; Sel        ; C[4]        ; 9.488  ; 9.423  ; 10.004 ; 9.974  ;
; Sel        ; C[5]        ; 6.983  ; 6.933  ; 7.324  ; 7.266  ;
; Sel        ; C[6]        ; 9.030  ; 9.051  ; 9.415  ; 9.428  ;
; Sel        ; C[7]        ; 9.254  ; 9.143  ; 9.632  ; 9.600  ;
; Sel        ; C[8]        ; 8.732  ; 8.621  ; 9.068  ; 9.036  ;
; Sel        ; C[9]        ; 9.206  ; 9.183  ; 9.669  ; 9.532  ;
; Sel        ; C[10]       ; 8.487  ; 8.436  ; 8.876  ; 8.861  ;
; Sel        ; C[11]       ; 6.957  ; 6.907  ; 7.299  ; 7.241  ;
; Sel        ; C[12]       ; 8.288  ; 8.222  ; 8.693  ; 8.617  ;
; Sel        ; C[13]       ; 8.564  ; 8.467  ; 8.980  ; 8.918  ;
; Sel        ; C[14]       ; 9.328  ; 9.249  ; 9.804  ; 9.712  ;
; Sel        ; C[15]       ; 10.072 ; 9.990  ; 10.585 ; 10.493 ;
; Sel        ; C[16]       ; 7.742  ; 7.633  ; 8.046  ; 7.973  ;
; Sel        ; C[17]       ; 10.129 ; 10.161 ; 10.601 ; 10.569 ;
; Sel        ; C[18]       ; 7.092  ; 7.042  ; 7.410  ; 7.395  ;
; Sel        ; C[19]       ; 8.758  ; 8.633  ; 9.096  ; 9.012  ;
; Sel        ; C[20]       ; 10.365 ; 10.372 ; 10.799 ; 10.841 ;
; Sel        ; C[21]       ; 7.481  ; 7.377  ; 7.788  ; 7.720  ;
; Sel        ; C[22]       ; 9.639  ; 9.584  ; 10.187 ; 10.168 ;
+------------+-------------+--------+--------+--------+--------+


----------------------------------------------
; Slow 1200mV 85C Model Metastability Report ;
----------------------------------------------
No synchronizer chains to report.


-------------------------------------
; Slow 1200mV 0C Model Fmax Summary ;
-------------------------------------
No paths to report.


--------------------------------------
; Slow 1200mV 0C Model Setup Summary ;
--------------------------------------
No paths to report.


-------------------------------------
; Slow 1200mV 0C Model Hold Summary ;
-------------------------------------
No paths to report.


-----------------------------------------
; Slow 1200mV 0C Model Recovery Summary ;
-----------------------------------------
No paths to report.


----------------------------------------
; Slow 1200mV 0C Model Removal Summary ;
----------------------------------------
No paths to report.


----------------------------------------------------
; Slow 1200mV 0C Model Minimum Pulse Width Summary ;
----------------------------------------------------
No paths to report.


+----------------------------------------------------------+
; Propagation Delay                                        ;
+------------+-------------+-------+-------+-------+-------+
; Input Port ; Output Port ; RR    ; RF    ; FR    ; FF    ;
+------------+-------------+-------+-------+-------+-------+
; A[0]       ; C[0]        ; 6.413 ;       ;       ; 6.615 ;
; A[1]       ; C[1]        ; 6.769 ;       ;       ; 6.919 ;
; A[2]       ; C[2]        ; 6.096 ;       ;       ; 6.276 ;
; A[3]       ; C[3]        ; 6.464 ;       ;       ; 6.609 ;
; A[4]       ; C[4]        ; 6.252 ;       ;       ; 6.433 ;
; A[5]       ; C[5]        ; 6.355 ;       ;       ; 6.578 ;
; A[6]       ; C[6]        ; 7.605 ;       ;       ; 7.843 ;
; A[7]       ; C[7]        ; 6.499 ;       ;       ; 6.644 ;
; A[8]       ; C[8]        ; 6.428 ;       ;       ; 6.576 ;
; A[9]       ; C[9]        ; 6.574 ;       ;       ; 6.745 ;
; A[10]      ; C[10]       ; 6.705 ;       ;       ; 6.893 ;
; A[11]      ; C[11]       ; 6.721 ;       ;       ; 6.910 ;
; A[12]      ; C[12]       ; 6.623 ;       ;       ; 6.794 ;
; A[13]      ; C[13]       ; 6.429 ;       ;       ; 6.572 ;
; A[14]      ; C[14]       ; 6.776 ;       ;       ; 6.911 ;
; A[15]      ; C[15]       ; 6.833 ;       ;       ; 6.970 ;
; A[16]      ; C[16]       ; 6.749 ;       ;       ; 6.910 ;
; A[17]      ; C[17]       ; 7.923 ;       ;       ; 8.127 ;
; A[18]      ; C[18]       ; 6.055 ;       ;       ; 6.235 ;
; A[19]      ; C[19]       ; 6.632 ;       ;       ; 6.738 ;
; A[20]      ; C[20]       ; 7.638 ;       ;       ; 7.841 ;
; A[21]      ; C[21]       ; 6.709 ;       ;       ; 6.891 ;
; A[22]      ; C[22]       ; 6.348 ;       ;       ; 6.550 ;
; B[0]       ; C[0]        ; 6.393 ;       ;       ; 6.577 ;
; B[1]       ; C[1]        ; 6.479 ;       ;       ; 6.619 ;
; B[2]       ; C[2]        ; 6.673 ;       ;       ; 6.883 ;
; B[3]       ; C[3]        ; 6.705 ;       ;       ; 6.875 ;
; B[4]       ; C[4]        ; 6.490 ;       ;       ; 6.697 ;
; B[5]       ; C[5]        ; 6.527 ;       ;       ; 6.713 ;
; B[6]       ; C[6]        ; 7.501 ;       ;       ; 7.750 ;
; B[7]       ; C[7]        ; 6.741 ;       ;       ; 6.942 ;
; B[8]       ; C[8]        ; 6.707 ;       ;       ; 6.910 ;
; B[9]       ; C[9]        ; 6.462 ;       ;       ; 6.610 ;
; B[10]      ; C[10]       ; 6.137 ;       ;       ; 6.313 ;
; B[11]      ; C[11]       ; 6.332 ;       ;       ; 6.519 ;
; B[12]      ; C[12]       ; 6.885 ;       ;       ; 7.087 ;
; B[13]      ; C[13]       ; 6.741 ;       ;       ; 6.908 ;
; B[14]      ; C[14]       ; 6.989 ;       ;       ; 7.144 ;
; B[15]      ; C[15]       ; 7.004 ;       ;       ; 7.159 ;
; B[16]      ; C[16]       ; 6.724 ;       ;       ; 6.878 ;
; B[17]      ; C[17]       ; 7.762 ;       ;       ; 7.981 ;
; B[18]      ; C[18]       ; 6.426 ;       ;       ; 6.621 ;
; B[19]      ; C[19]       ; 6.808 ;       ;       ; 6.932 ;
; B[20]      ; C[20]       ; 7.930 ;       ;       ; 8.156 ;
; B[21]      ; C[21]       ; 6.467 ;       ;       ; 6.611 ;
; B[22]      ; C[22]       ; 6.301 ;       ;       ; 6.467 ;
; Sel        ; C[0]        ; 7.454 ; 7.373 ; 7.688 ; 7.641 ;
; Sel        ; C[1]        ; 8.496 ; 8.468 ; 8.838 ; 8.654 ;
; Sel        ; C[2]        ; 8.200 ; 8.106 ; 8.374 ; 8.379 ;
; Sel        ; C[3]        ; 8.375 ; 8.261 ; 8.642 ; 8.562 ;
; Sel        ; C[4]        ; 8.867 ; 8.792 ; 9.192 ; 9.151 ;
; Sel        ; C[5]        ; 6.442 ; 6.362 ; 6.701 ; 6.616 ;
; Sel        ; C[6]        ; 8.301 ; 8.258 ; 8.563 ; 8.515 ;
; Sel        ; C[7]        ; 8.673 ; 8.555 ; 8.836 ; 8.812 ;
; Sel        ; C[8]        ; 8.156 ; 8.040 ; 8.302 ; 8.280 ;
; Sel        ; C[9]        ; 8.640 ; 8.616 ; 8.886 ; 8.745 ;
; Sel        ; C[10]       ; 7.909 ; 7.828 ; 8.153 ; 8.106 ;
; Sel        ; C[11]       ; 6.420 ; 6.340 ; 6.679 ; 6.594 ;
; Sel        ; C[12]       ; 7.749 ; 7.670 ; 7.994 ; 7.936 ;
; Sel        ; C[13]       ; 7.981 ; 7.872 ; 8.234 ; 8.159 ;
; Sel        ; C[14]       ; 8.773 ; 8.661 ; 9.052 ; 8.957 ;
; Sel        ; C[15]       ; 9.491 ; 9.379 ; 9.784 ; 9.693 ;
; Sel        ; C[16]       ; 7.176 ; 7.054 ; 7.367 ; 7.279 ;
; Sel        ; C[17]       ; 9.397 ; 9.386 ; 9.713 ; 9.622 ;
; Sel        ; C[18]       ; 6.549 ; 6.468 ; 6.788 ; 6.741 ;
; Sel        ; C[19]       ; 8.198 ; 8.036 ; 8.371 ; 8.266 ;
; Sel        ; C[20]       ; 9.592 ; 9.542 ; 9.852 ; 9.836 ;
; Sel        ; C[21]       ; 6.914 ; 6.800 ; 7.130 ; 7.050 ;
; Sel        ; C[22]       ; 9.035 ; 8.956 ; 9.373 ; 9.328 ;
+------------+-------------+-------+-------+-------+-------+


+----------------------------------------------------------+
; Minimum Propagation Delay                                ;
+------------+-------------+-------+-------+-------+-------+
; Input Port ; Output Port ; RR    ; RF    ; FR    ; FF    ;
+------------+-------------+-------+-------+-------+-------+
; A[0]       ; C[0]        ; 6.117 ;       ;       ; 6.299 ;
; A[1]       ; C[1]        ; 6.473 ;       ;       ; 6.599 ;
; A[2]       ; C[2]        ; 5.885 ;       ;       ; 6.054 ;
; A[3]       ; C[3]        ; 6.232 ;       ;       ; 6.371 ;
; A[4]       ; C[4]        ; 6.030 ;       ;       ; 6.199 ;
; A[5]       ; C[5]        ; 6.101 ;       ;       ; 6.298 ;
; A[6]       ; C[6]        ; 7.345 ;       ;       ; 7.556 ;
; A[7]       ; C[7]        ; 6.265 ;       ;       ; 6.405 ;
; A[8]       ; C[8]        ; 6.197 ;       ;       ; 6.339 ;
; A[9]       ; C[9]        ; 6.334 ;       ;       ; 6.501 ;
; A[10]      ; C[10]       ; 6.398 ;       ;       ; 6.566 ;
; A[11]      ; C[11]       ; 6.454 ;       ;       ; 6.618 ;
; A[12]      ; C[12]       ; 6.384 ;       ;       ; 6.551 ;
; A[13]      ; C[13]       ; 6.196 ;       ;       ; 6.333 ;
; A[14]      ; C[14]       ; 6.527 ;       ;       ; 6.659 ;
; A[15]      ; C[15]       ; 6.582 ;       ;       ; 6.716 ;
; A[16]      ; C[16]       ; 6.431 ;       ;       ; 6.578 ;
; A[17]      ; C[17]       ; 7.627 ;       ;       ; 7.807 ;
; A[18]      ; C[18]       ; 5.845 ;       ;       ; 6.013 ;
; A[19]      ; C[19]       ; 6.391 ;       ;       ; 6.493 ;
; A[20]      ; C[20]       ; 7.404 ;       ;       ; 7.601 ;
; A[21]      ; C[21]       ; 6.397 ;       ;       ; 6.560 ;
; A[22]      ; C[22]       ; 6.056 ;       ;       ; 6.233 ;
; B[0]       ; C[0]        ; 6.116 ;       ;       ; 6.284 ;
; B[1]       ; C[1]        ; 6.246 ;       ;       ; 6.381 ;
; B[2]       ; C[2]        ; 6.388 ;       ;       ; 6.575 ;
; B[3]       ; C[3]        ; 6.405 ;       ;       ; 6.559 ;
; B[4]       ; C[4]        ; 6.203 ;       ;       ; 6.394 ;
; B[5]       ; C[5]        ; 6.297 ;       ;       ; 6.473 ;
; B[6]       ; C[6]        ; 7.252 ;       ;       ; 7.487 ;
; B[7]       ; C[7]        ; 6.445 ;       ;       ; 6.624 ;
; B[8]       ; C[8]        ; 6.413 ;       ;       ; 6.593 ;
; B[9]       ; C[9]        ; 6.230 ;       ;       ; 6.372 ;
; B[10]      ; C[10]       ; 5.926 ;       ;       ; 6.090 ;
; B[11]      ; C[11]       ; 6.091 ;       ;       ; 6.261 ;
; B[12]      ; C[12]       ; 6.584 ;       ;       ; 6.763 ;
; B[13]      ; C[13]       ; 6.443 ;       ;       ; 6.599 ;
; B[14]      ; C[14]       ; 6.684 ;       ;       ; 6.822 ;
; B[15]      ; C[15]       ; 6.697 ;       ;       ; 6.831 ;
; B[16]      ; C[16]       ; 6.424 ;       ;       ; 6.569 ;
; B[17]      ; C[17]       ; 7.520 ;       ;       ; 7.735 ;
; B[18]      ; C[18]       ; 6.144 ;       ;       ; 6.319 ;
; B[19]      ; C[19]       ; 6.558 ;       ;       ; 6.679 ;
; B[20]      ; C[20]       ; 7.627 ;       ;       ; 7.837 ;
; B[21]      ; C[21]       ; 6.234 ;       ;       ; 6.372 ;
; B[22]      ; C[22]       ; 6.079 ;       ;       ; 6.234 ;
; Sel        ; C[0]        ; 7.185 ; 7.107 ; 7.410 ; 7.363 ;
; Sel        ; C[1]        ; 8.185 ; 8.154 ; 8.499 ; 8.329 ;
; Sel        ; C[2]        ; 7.892 ; 7.813 ; 8.069 ; 8.047 ;
; Sel        ; C[3]        ; 8.069 ; 7.960 ; 8.325 ; 8.247 ;
; Sel        ; C[4]        ; 8.539 ; 8.467 ; 8.850 ; 8.809 ;
; Sel        ; C[5]        ; 6.217 ; 6.138 ; 6.464 ; 6.380 ;
; Sel        ; C[6]        ; 8.044 ; 8.004 ; 8.293 ; 8.248 ;
; Sel        ; C[7]        ; 8.344 ; 8.236 ; 8.507 ; 8.467 ;
; Sel        ; C[8]        ; 7.849 ; 7.742 ; 7.995 ; 7.956 ;
; Sel        ; C[9]        ; 8.303 ; 8.277 ; 8.540 ; 8.402 ;
; Sel        ; C[10]       ; 7.625 ; 7.547 ; 7.858 ; 7.811 ;
; Sel        ; C[11]       ; 6.196 ; 6.117 ; 6.442 ; 6.358 ;
; Sel        ; C[12]       ; 7.419 ; 7.352 ; 7.668 ; 7.586 ;
; Sel        ; C[13]       ; 7.690 ; 7.586 ; 7.932 ; 7.859 ;
; Sel        ; C[14]       ; 8.401 ; 8.302 ; 8.681 ; 8.565 ;
; Sel        ; C[15]       ; 9.090 ; 8.992 ; 9.385 ; 9.272 ;
; Sel        ; C[16]       ; 6.915 ; 6.799 ; 7.098 ; 7.013 ;
; Sel        ; C[17]       ; 9.060 ; 9.030 ; 9.353 ; 9.272 ;
; Sel        ; C[18]       ; 6.319 ; 6.241 ; 6.548 ; 6.501 ;
; Sel        ; C[19]       ; 7.881 ; 7.740 ; 8.041 ; 7.936 ;
; Sel        ; C[20]       ; 9.284 ; 9.238 ; 9.532 ; 9.517 ;
; Sel        ; C[21]       ; 6.666 ; 6.557 ; 6.872 ; 6.794 ;
; Sel        ; C[22]       ; 8.704 ; 8.628 ; 9.028 ; 8.983 ;
+------------+-------------+-------+-------+-------+-------+


---------------------------------------------
; Slow 1200mV 0C Model Metastability Report ;
---------------------------------------------
No synchronizer chains to report.


--------------------------------------
; Fast 1200mV 0C Model Setup Summary ;
--------------------------------------
No paths to report.


-------------------------------------
; Fast 1200mV 0C Model Hold Summary ;
-------------------------------------
No paths to report.


-----------------------------------------
; Fast 1200mV 0C Model Recovery Summary ;
-----------------------------------------
No paths to report.


----------------------------------------
; Fast 1200mV 0C Model Removal Summary ;
----------------------------------------
No paths to report.


----------------------------------------------------
; Fast 1200mV 0C Model Minimum Pulse Width Summary ;
----------------------------------------------------
No paths to report.


+----------------------------------------------------------+
; Propagation Delay                                        ;
+------------+-------------+-------+-------+-------+-------+
; Input Port ; Output Port ; RR    ; RF    ; FR    ; FF    ;
+------------+-------------+-------+-------+-------+-------+
; A[0]       ; C[0]        ; 3.775 ;       ;       ; 4.379 ;
; A[1]       ; C[1]        ; 3.973 ;       ;       ; 4.555 ;
; A[2]       ; C[2]        ; 3.616 ;       ;       ; 4.195 ;
; A[3]       ; C[3]        ; 3.810 ;       ;       ; 4.384 ;
; A[4]       ; C[4]        ; 3.671 ;       ;       ; 4.254 ;
; A[5]       ; C[5]        ; 3.747 ;       ;       ; 4.354 ;
; A[6]       ; C[6]        ; 4.659 ;       ;       ; 5.306 ;
; A[7]       ; C[7]        ; 3.820 ;       ;       ; 4.402 ;
; A[8]       ; C[8]        ; 3.777 ;       ;       ; 4.352 ;
; A[9]       ; C[9]        ; 3.849 ;       ;       ; 4.439 ;
; A[10]      ; C[10]       ; 3.931 ;       ;       ; 4.556 ;
; A[11]      ; C[11]       ; 3.946 ;       ;       ; 4.570 ;
; A[12]      ; C[12]       ; 3.920 ;       ;       ; 4.502 ;
; A[13]      ; C[13]       ; 3.755 ;       ;       ; 4.337 ;
; A[14]      ; C[14]       ; 3.951 ;       ;       ; 4.540 ;
; A[15]      ; C[15]       ; 3.974 ;       ;       ; 4.574 ;
; A[16]      ; C[16]       ; 3.928 ;       ;       ; 4.528 ;
; A[17]      ; C[17]       ; 4.848 ;       ;       ; 5.492 ;
; A[18]      ; C[18]       ; 3.575 ;       ;       ; 4.154 ;
; A[19]      ; C[19]       ; 3.862 ;       ;       ; 4.447 ;
; A[20]      ; C[20]       ; 4.704 ;       ;       ; 5.342 ;
; A[21]      ; C[21]       ; 3.935 ;       ;       ; 4.537 ;
; A[22]      ; C[22]       ; 3.711 ;       ;       ; 4.317 ;
; B[0]       ; C[0]        ; 3.764 ;       ;       ; 4.363 ;
; B[1]       ; C[1]        ; 3.826 ;       ;       ; 4.400 ;
; B[2]       ; C[2]        ; 3.914 ;       ;       ; 4.546 ;
; B[3]       ; C[3]        ; 3.936 ;       ;       ; 4.528 ;
; B[4]       ; C[4]        ; 3.800 ;       ;       ; 4.402 ;
; B[5]       ; C[5]        ; 3.822 ;       ;       ; 4.441 ;
; B[6]       ; C[6]        ; 4.603 ;       ;       ; 5.249 ;
; B[7]       ; C[7]        ; 3.953 ;       ;       ; 4.568 ;
; B[8]       ; C[8]        ; 3.932 ;       ;       ; 4.545 ;
; B[9]       ; C[9]        ; 3.800 ;       ;       ; 4.381 ;
; B[10]      ; C[10]       ; 3.643 ;       ;       ; 4.225 ;
; B[11]      ; C[11]       ; 3.720 ;       ;       ; 4.324 ;
; B[12]      ; C[12]       ; 4.045 ;       ;       ; 4.671 ;
; B[13]      ; C[13]       ; 3.948 ;       ;       ; 4.550 ;
; B[14]      ; C[14]       ; 4.060 ;       ;       ; 4.680 ;
; B[15]      ; C[15]       ; 4.063 ;       ;       ; 4.687 ;
; B[16]      ; C[16]       ; 3.919 ;       ;       ; 4.520 ;
; B[17]      ; C[17]       ; 4.750 ;       ;       ; 5.398 ;
; B[18]      ; C[18]       ; 3.795 ;       ;       ; 4.396 ;
; B[19]      ; C[19]       ; 3.949 ;       ;       ; 4.554 ;
; B[20]      ; C[20]       ; 4.866 ;       ;       ; 5.519 ;
; B[21]      ; C[21]       ; 3.805 ;       ;       ; 4.378 ;
; B[22]      ; C[22]       ; 3.687 ;       ;       ; 4.286 ;
; Sel        ; C[0]        ; 4.313 ; 4.353 ; 4.954 ; 5.012 ;
; Sel        ; C[1]        ; 4.903 ; 4.965 ; 5.681 ; 5.648 ;
; Sel        ; C[2]        ; 4.726 ; 4.748 ; 5.401 ; 5.484 ;
; Sel        ; C[3]        ; 4.834 ; 4.851 ; 5.553 ; 5.589 ;
; Sel        ; C[4]        ; 5.130 ; 5.169 ; 5.908 ; 5.966 ;
; Sel        ; C[5]        ; 3.800 ; 3.843 ; 4.375 ; 4.411 ;
; Sel        ; C[6]        ; 5.037 ; 5.121 ; 5.672 ; 5.749 ;
; Sel        ; C[7]        ; 4.954 ; 4.955 ; 5.676 ; 5.732 ;
; Sel        ; C[8]        ; 4.663 ; 4.663 ; 5.330 ; 5.385 ;
; Sel        ; C[9]        ; 4.933 ; 4.995 ; 5.709 ; 5.701 ;
; Sel        ; C[10]       ; 4.588 ; 4.627 ; 5.268 ; 5.326 ;
; Sel        ; C[11]       ; 3.791 ; 3.834 ; 4.361 ; 4.397 ;
; Sel        ; C[12]       ; 4.491 ; 4.511 ; 5.155 ; 5.191 ;
; Sel        ; C[13]       ; 4.601 ; 4.620 ; 5.287 ; 5.325 ;
; Sel        ; C[14]       ; 5.043 ; 5.072 ; 5.786 ; 5.833 ;
; Sel        ; C[15]       ; 5.430 ; 5.461 ; 6.251 ; 6.298 ;
; Sel        ; C[16]       ; 4.129 ; 4.147 ; 4.717 ; 4.753 ;
; Sel        ; C[17]       ; 5.656 ; 5.757 ; 6.394 ; 6.442 ;
; Sel        ; C[18]       ; 3.858 ; 3.898 ; 4.412 ; 4.471 ;
; Sel        ; C[19]       ; 4.677 ; 4.696 ; 5.343 ; 5.382 ;
; Sel        ; C[20]       ; 5.762 ; 5.837 ; 6.484 ; 6.578 ;
; Sel        ; C[21]       ; 4.031 ; 4.046 ; 4.599 ; 4.633 ;
; Sel        ; C[22]       ; 5.234 ; 5.272 ; 6.040 ; 6.097 ;
+------------+-------------+-------+-------+-------+-------+


+----------------------------------------------------------+
; Minimum Propagation Delay                                ;
+------------+-------------+-------+-------+-------+-------+
; Input Port ; Output Port ; RR    ; RF    ; FR    ; FF    ;
+------------+-------------+-------+-------+-------+-------+
; A[0]       ; C[0]        ; 3.620 ;       ;       ; 4.210 ;
; A[1]       ; C[1]        ; 3.815 ;       ;       ; 4.383 ;
; A[2]       ; C[2]        ; 3.502 ;       ;       ; 4.076 ;
; A[3]       ; C[3]        ; 3.686 ;       ;       ; 4.252 ;
; A[4]       ; C[4]        ; 3.551 ;       ;       ; 4.129 ;
; A[5]       ; C[5]        ; 3.615 ;       ;       ; 4.204 ;
; A[6]       ; C[6]        ; 4.523 ;       ;       ; 5.148 ;
; A[7]       ; C[7]        ; 3.694 ;       ;       ; 4.270 ;
; A[8]       ; C[8]        ; 3.653 ;       ;       ; 4.220 ;
; A[9]       ; C[9]        ; 3.723 ;       ;       ; 4.304 ;
; A[10]      ; C[10]       ; 3.770 ;       ;       ; 4.380 ;
; A[11]      ; C[11]       ; 3.807 ;       ;       ; 4.413 ;
; A[12]      ; C[12]       ; 3.795 ;       ;       ; 4.369 ;
; A[13]      ; C[13]       ; 3.631 ;       ;       ; 4.206 ;
; A[14]      ; C[14]       ; 3.821 ;       ;       ; 4.401 ;
; A[15]      ; C[15]       ; 3.843 ;       ;       ; 4.433 ;
; A[16]      ; C[16]       ; 3.762 ;       ;       ; 4.346 ;
; A[17]      ; C[17]       ; 4.690 ;       ;       ; 5.319 ;
; A[18]      ; C[18]       ; 3.461 ;       ;       ; 4.036 ;
; A[19]      ; C[19]       ; 3.735 ;       ;       ; 4.312 ;
; A[20]      ; C[20]       ; 4.578 ;       ;       ; 5.210 ;
; A[21]      ; C[21]       ; 3.772 ;       ;       ; 4.353 ;
; A[22]      ; C[22]       ; 3.557 ;       ;       ; 4.144 ;
; B[0]       ; C[0]        ; 3.619 ;       ;       ; 4.202 ;
; B[1]       ; C[1]        ; 3.703 ;       ;       ; 4.270 ;
; B[2]       ; C[2]        ; 3.760 ;       ;       ; 4.383 ;
; B[3]       ; C[3]        ; 3.780 ;       ;       ; 4.357 ;
; B[4]       ; C[4]        ; 3.650 ;       ;       ; 4.235 ;
; B[5]       ; C[5]        ; 3.700 ;       ;       ; 4.312 ;
; B[6]       ; C[6]        ; 4.475 ;       ;       ; 5.106 ;
; B[7]       ; C[7]        ; 3.795 ;       ;       ; 4.397 ;
; B[8]       ; C[8]        ; 3.774 ;       ;       ; 4.374 ;
; B[9]       ; C[9]        ; 3.676 ;       ;       ; 4.249 ;
; B[10]      ; C[10]       ; 3.529 ;       ;       ; 4.106 ;
; B[11]      ; C[11]       ; 3.596 ;       ;       ; 4.180 ;
; B[12]      ; C[12]       ; 3.883 ;       ;       ; 4.496 ;
; B[13]      ; C[13]       ; 3.793 ;       ;       ; 4.376 ;
; B[14]      ; C[14]       ; 3.898 ;       ;       ; 4.506 ;
; B[15]      ; C[15]       ; 3.900 ;       ;       ; 4.510 ;
; B[16]      ; C[16]       ; 3.764 ;       ;       ; 4.347 ;
; B[17]      ; C[17]       ; 4.623 ;       ;       ; 5.262 ;
; B[18]      ; C[18]       ; 3.648 ;       ;       ; 4.235 ;
; B[19]      ; C[19]       ; 3.818 ;       ;       ; 4.414 ;
; B[20]      ; C[20]       ; 4.708 ;       ;       ; 5.346 ;
; B[21]      ; C[21]       ; 3.680 ;       ;       ; 4.248 ;
; B[22]      ; C[22]       ; 3.567 ;       ;       ; 4.160 ;
; Sel        ; C[0]        ; 4.172 ; 4.210 ; 4.802 ; 4.860 ;
; Sel        ; C[1]        ; 4.734 ; 4.790 ; 5.489 ; 5.465 ;
; Sel        ; C[2]        ; 4.561 ; 4.591 ; 5.231 ; 5.300 ;
; Sel        ; C[3]        ; 4.668 ; 4.684 ; 5.375 ; 5.410 ;
; Sel        ; C[4]        ; 4.953 ; 4.991 ; 5.716 ; 5.773 ;
; Sel        ; C[5]        ; 3.678 ; 3.721 ; 4.248 ; 4.284 ;
; Sel        ; C[6]        ; 4.899 ; 4.983 ; 5.526 ; 5.603 ;
; Sel        ; C[7]        ; 4.776 ; 4.783 ; 5.490 ; 5.537 ;
; Sel        ; C[8]        ; 4.497 ; 4.502 ; 5.158 ; 5.203 ;
; Sel        ; C[9]        ; 4.756 ; 4.804 ; 5.512 ; 5.503 ;
; Sel        ; C[10]       ; 4.436 ; 4.474 ; 5.104 ; 5.161 ;
; Sel        ; C[11]       ; 3.670 ; 3.713 ; 4.234 ; 4.270 ;
; Sel        ; C[12]       ; 4.311 ; 4.339 ; 4.974 ; 4.998 ;
; Sel        ; C[13]       ; 4.444 ; 4.462 ; 5.118 ; 5.155 ;
; Sel        ; C[14]       ; 4.841 ; 4.877 ; 5.578 ; 5.614 ;
; Sel        ; C[15]       ; 5.212 ; 5.250 ; 6.026 ; 6.060 ;
; Sel        ; C[16]       ; 3.989 ; 4.006 ; 4.569 ; 4.606 ;
; Sel        ; C[17]       ; 5.472 ; 5.561 ; 6.191 ; 6.244 ;
; Sel        ; C[18]       ; 3.735 ; 3.774 ; 4.284 ; 4.342 ;
; Sel        ; C[19]       ; 4.511 ; 4.527 ; 5.158 ; 5.198 ;
; Sel        ; C[20]       ; 5.594 ; 5.669 ; 6.303 ; 6.397 ;
; Sel        ; C[21]       ; 3.897 ; 3.912 ; 4.458 ; 4.492 ;
; Sel        ; C[22]       ; 5.055 ; 5.092 ; 5.845 ; 5.901 ;
+------------+-------------+-------+-------+-------+-------+


---------------------------------------------
; Fast 1200mV 0C Model Metastability Report ;
---------------------------------------------
No synchronizer chains to report.


+----------------------------------------------------------------------------+
; Multicorner Timing Analysis Summary                                        ;
+------------------+-------+------+----------+---------+---------------------+
; Clock            ; Setup ; Hold ; Recovery ; Removal ; Minimum Pulse Width ;
+------------------+-------+------+----------+---------+---------------------+
; Worst-case Slack ; N/A   ; N/A  ; N/A      ; N/A     ; N/A                 ;
; Design-wide TNS  ; 0.0   ; 0.0  ; 0.0      ; 0.0     ; 0.0                 ;
+------------------+-------+------+----------+---------+---------------------+


+--------------------------------------------------------------+
; Progagation Delay                                            ;
+------------+-------------+--------+--------+--------+--------+
; Input Port ; Output Port ; RR     ; RF     ; FR     ; FF     ;
+------------+-------------+--------+--------+--------+--------+
; A[0]       ; C[0]        ; 7.192  ;        ;        ; 7.522  ;
; A[1]       ; C[1]        ; 7.594  ;        ;        ; 7.852  ;
; A[2]       ; C[2]        ; 6.846  ;        ;        ; 7.140  ;
; A[3]       ; C[3]        ; 7.264  ;        ;        ; 7.510  ;
; A[4]       ; C[4]        ; 7.037  ;        ;        ; 7.316  ;
; A[5]       ; C[5]        ; 7.132  ;        ;        ; 7.481  ;
; A[6]       ; C[6]        ; 8.565  ;        ;        ; 8.963  ;
; A[7]       ; C[7]        ; 7.310  ;        ;        ; 7.554  ;
; A[8]       ; C[8]        ; 7.231  ;        ;        ; 7.480  ;
; A[9]       ; C[9]        ; 7.387  ;        ;        ; 7.666  ;
; A[10]      ; C[10]       ; 7.503  ;        ;        ; 7.828  ;
; A[11]      ; C[11]       ; 7.521  ;        ;        ; 7.846  ;
; A[12]      ; C[12]       ; 7.434  ;        ;        ; 7.707  ;
; A[13]      ; C[13]       ; 7.234  ;        ;        ; 7.477  ;
; A[14]      ; C[14]       ; 7.595  ;        ;        ; 7.850  ;
; A[15]      ; C[15]       ; 7.655  ;        ;        ; 7.916  ;
; A[16]      ; C[16]       ; 7.576  ;        ;        ; 7.853  ;
; A[17]      ; C[17]       ; 8.917  ;        ;        ; 9.281  ;
; A[18]      ; C[18]       ; 6.805  ;        ;        ; 7.099  ;
; A[19]      ; C[19]       ; 7.434  ;        ;        ; 7.662  ;
; A[20]      ; C[20]       ; 8.613  ;        ;        ; 8.962  ;
; A[21]      ; C[21]       ; 7.529  ;        ;        ; 7.825  ;
; A[22]      ; C[22]       ; 7.124  ;        ;        ; 7.452  ;
; B[0]       ; C[0]        ; 7.168  ;        ;        ; 7.480  ;
; B[1]       ; C[1]        ; 7.274  ;        ;        ; 7.518  ;
; B[2]       ; C[2]        ; 7.473  ;        ;        ; 7.818  ;
; B[3]       ; C[3]        ; 7.524  ;        ;        ; 7.805  ;
; B[4]       ; C[4]        ; 7.298  ;        ;        ; 7.611  ;
; B[5]       ; C[5]        ; 7.315  ;        ;        ; 7.629  ;
; B[6]       ; C[6]        ; 8.453  ;        ;        ; 8.861  ;
; B[7]       ; C[7]        ; 7.571  ;        ;        ; 7.884  ;
; B[8]       ; C[8]        ; 7.537  ;        ;        ; 7.850  ;
; B[9]       ; C[9]        ; 7.265  ;        ;        ; 7.513  ;
; B[10]      ; C[10]       ; 6.889  ;        ;        ; 7.181  ;
; B[11]      ; C[11]       ; 7.103  ;        ;        ; 7.419  ;
; B[12]      ; C[12]       ; 7.730  ;        ;        ; 8.038  ;
; B[13]      ; C[13]       ; 7.566  ;        ;        ; 7.846  ;
; B[14]      ; C[14]       ; 7.832  ;        ;        ; 8.117  ;
; B[15]      ; C[15]       ; 7.848  ;        ;        ; 8.132  ;
; B[16]      ; C[16]       ; 7.546  ;        ;        ; 7.815  ;
; B[17]      ; C[17]       ; 8.742  ;        ;        ; 9.120  ;
; B[18]      ; C[18]       ; 7.200  ;        ;        ; 7.523  ;
; B[19]      ; C[19]       ; 7.624  ;        ;        ; 7.875  ;
; B[20]      ; C[20]       ; 8.926  ;        ;        ; 9.311  ;
; B[21]      ; C[21]       ; 7.270  ;        ;        ; 7.512  ;
; B[22]      ; C[22]       ; 7.068  ;        ;        ; 7.356  ;
; Sel        ; C[0]        ; 8.300  ; 8.248  ; 8.682  ; 8.667  ;
; Sel        ; C[1]        ; 9.428  ; 9.418  ; 9.979  ; 9.792  ;
; Sel        ; C[2]        ; 9.102  ; 9.029  ; 9.452  ; 9.492  ;
; Sel        ; C[3]        ; 9.299  ; 9.193  ; 9.757  ; 9.688  ;
; Sel        ; C[4]        ; 9.838  ; 9.771  ; 10.375 ; 10.345 ;
; Sel        ; C[5]        ; 7.225  ; 7.174  ; 7.579  ; 7.519  ;
; Sel        ; C[6]        ; 9.305  ; 9.324  ; 9.705  ; 9.715  ;
; Sel        ; C[7]        ; 9.602  ; 9.483  ; 9.982  ; 9.974  ;
; Sel        ; C[8]        ; 9.058  ; 8.939  ; 9.394  ; 9.386  ;
; Sel        ; C[9]        ; 9.558  ; 9.548  ; 10.040 ; 9.901  ;
; Sel        ; C[10]       ; 8.790  ; 8.737  ; 9.195  ; 9.180  ;
; Sel        ; C[11]       ; 7.197  ; 7.146  ; 7.553  ; 7.493  ;
; Sel        ; C[12]       ; 8.641  ; 8.558  ; 9.043  ; 8.994  ;
; Sel        ; C[13]       ; 8.870  ; 8.770  ; 9.302  ; 9.239  ;
; Sel        ; C[14]       ; 9.723  ; 9.630  ; 10.201 ; 10.134 ;
; Sel        ; C[15]       ; 10.499 ; 10.400 ; 11.014 ; 10.949 ;
; Sel        ; C[16]       ; 8.015  ; 7.904  ; 8.330  ; 8.256  ;
; Sel        ; C[17]       ; 10.486 ; 10.540 ; 10.988 ; 10.944 ;
; Sel        ; C[18]       ; 7.337  ; 7.285  ; 7.668  ; 7.653  ;
; Sel        ; C[19]       ; 9.088  ; 8.954  ; 9.450  ; 9.368  ;
; Sel        ; C[20]       ; 10.689 ; 10.693 ; 11.141 ; 11.182 ;
; Sel        ; C[21]       ; 7.741  ; 7.634  ; 8.060  ; 7.991  ;
; Sel        ; C[22]       ; 9.990  ; 9.934  ; 10.560 ; 10.542 ;
+------------+-------------+--------+--------+--------+--------+


+----------------------------------------------------------+
; Minimum Progagation Delay                                ;
+------------+-------------+-------+-------+-------+-------+
; Input Port ; Output Port ; RR    ; RF    ; FR    ; FF    ;
+------------+-------------+-------+-------+-------+-------+
; A[0]       ; C[0]        ; 3.620 ;       ;       ; 4.210 ;
; A[1]       ; C[1]        ; 3.815 ;       ;       ; 4.383 ;
; A[2]       ; C[2]        ; 3.502 ;       ;       ; 4.076 ;
; A[3]       ; C[3]        ; 3.686 ;       ;       ; 4.252 ;
; A[4]       ; C[4]        ; 3.551 ;       ;       ; 4.129 ;
; A[5]       ; C[5]        ; 3.615 ;       ;       ; 4.204 ;
; A[6]       ; C[6]        ; 4.523 ;       ;       ; 5.148 ;
; A[7]       ; C[7]        ; 3.694 ;       ;       ; 4.270 ;
; A[8]       ; C[8]        ; 3.653 ;       ;       ; 4.220 ;
; A[9]       ; C[9]        ; 3.723 ;       ;       ; 4.304 ;
; A[10]      ; C[10]       ; 3.770 ;       ;       ; 4.380 ;
; A[11]      ; C[11]       ; 3.807 ;       ;       ; 4.413 ;
; A[12]      ; C[12]       ; 3.795 ;       ;       ; 4.369 ;
; A[13]      ; C[13]       ; 3.631 ;       ;       ; 4.206 ;
; A[14]      ; C[14]       ; 3.821 ;       ;       ; 4.401 ;
; A[15]      ; C[15]       ; 3.843 ;       ;       ; 4.433 ;
; A[16]      ; C[16]       ; 3.762 ;       ;       ; 4.346 ;
; A[17]      ; C[17]       ; 4.690 ;       ;       ; 5.319 ;
; A[18]      ; C[18]       ; 3.461 ;       ;       ; 4.036 ;
; A[19]      ; C[19]       ; 3.735 ;       ;       ; 4.312 ;
; A[20]      ; C[20]       ; 4.578 ;       ;       ; 5.210 ;
; A[21]      ; C[21]       ; 3.772 ;       ;       ; 4.353 ;
; A[22]      ; C[22]       ; 3.557 ;       ;       ; 4.144 ;
; B[0]       ; C[0]        ; 3.619 ;       ;       ; 4.202 ;
; B[1]       ; C[1]        ; 3.703 ;       ;       ; 4.270 ;
; B[2]       ; C[2]        ; 3.760 ;       ;       ; 4.383 ;
; B[3]       ; C[3]        ; 3.780 ;       ;       ; 4.357 ;
; B[4]       ; C[4]        ; 3.650 ;       ;       ; 4.235 ;
; B[5]       ; C[5]        ; 3.700 ;       ;       ; 4.312 ;
; B[6]       ; C[6]        ; 4.475 ;       ;       ; 5.106 ;
; B[7]       ; C[7]        ; 3.795 ;       ;       ; 4.397 ;
; B[8]       ; C[8]        ; 3.774 ;       ;       ; 4.374 ;
; B[9]       ; C[9]        ; 3.676 ;       ;       ; 4.249 ;
; B[10]      ; C[10]       ; 3.529 ;       ;       ; 4.106 ;
; B[11]      ; C[11]       ; 3.596 ;       ;       ; 4.180 ;
; B[12]      ; C[12]       ; 3.883 ;       ;       ; 4.496 ;
; B[13]      ; C[13]       ; 3.793 ;       ;       ; 4.376 ;
; B[14]      ; C[14]       ; 3.898 ;       ;       ; 4.506 ;
; B[15]      ; C[15]       ; 3.900 ;       ;       ; 4.510 ;
; B[16]      ; C[16]       ; 3.764 ;       ;       ; 4.347 ;
; B[17]      ; C[17]       ; 4.623 ;       ;       ; 5.262 ;
; B[18]      ; C[18]       ; 3.648 ;       ;       ; 4.235 ;
; B[19]      ; C[19]       ; 3.818 ;       ;       ; 4.414 ;
; B[20]      ; C[20]       ; 4.708 ;       ;       ; 5.346 ;
; B[21]      ; C[21]       ; 3.680 ;       ;       ; 4.248 ;
; B[22]      ; C[22]       ; 3.567 ;       ;       ; 4.160 ;
; Sel        ; C[0]        ; 4.172 ; 4.210 ; 4.802 ; 4.860 ;
; Sel        ; C[1]        ; 4.734 ; 4.790 ; 5.489 ; 5.465 ;
; Sel        ; C[2]        ; 4.561 ; 4.591 ; 5.231 ; 5.300 ;
; Sel        ; C[3]        ; 4.668 ; 4.684 ; 5.375 ; 5.410 ;
; Sel        ; C[4]        ; 4.953 ; 4.991 ; 5.716 ; 5.773 ;
; Sel        ; C[5]        ; 3.678 ; 3.721 ; 4.248 ; 4.284 ;
; Sel        ; C[6]        ; 4.899 ; 4.983 ; 5.526 ; 5.603 ;
; Sel        ; C[7]        ; 4.776 ; 4.783 ; 5.490 ; 5.537 ;
; Sel        ; C[8]        ; 4.497 ; 4.502 ; 5.158 ; 5.203 ;
; Sel        ; C[9]        ; 4.756 ; 4.804 ; 5.512 ; 5.503 ;
; Sel        ; C[10]       ; 4.436 ; 4.474 ; 5.104 ; 5.161 ;
; Sel        ; C[11]       ; 3.670 ; 3.713 ; 4.234 ; 4.270 ;
; Sel        ; C[12]       ; 4.311 ; 4.339 ; 4.974 ; 4.998 ;
; Sel        ; C[13]       ; 4.444 ; 4.462 ; 5.118 ; 5.155 ;
; Sel        ; C[14]       ; 4.841 ; 4.877 ; 5.578 ; 5.614 ;
; Sel        ; C[15]       ; 5.212 ; 5.250 ; 6.026 ; 6.060 ;
; Sel        ; C[16]       ; 3.989 ; 4.006 ; 4.569 ; 4.606 ;
; Sel        ; C[17]       ; 5.472 ; 5.561 ; 6.191 ; 6.244 ;
; Sel        ; C[18]       ; 3.735 ; 3.774 ; 4.284 ; 4.342 ;
; Sel        ; C[19]       ; 4.511 ; 4.527 ; 5.158 ; 5.198 ;
; Sel        ; C[20]       ; 5.594 ; 5.669 ; 6.303 ; 6.397 ;
; Sel        ; C[21]       ; 3.897 ; 3.912 ; 4.458 ; 4.492 ;
; Sel        ; C[22]       ; 5.055 ; 5.092 ; 5.845 ; 5.901 ;
+------------+-------------+-------+-------+-------+-------+


+------------------------------------------------------------------------------------------------------------------------------------------------------------------------------------------------------------------------------------------------------------------------------------------------------------------------------------------------------------------------------------------------------------------+
; Board Trace Model Assignments                                                                                                                                                                                                                                                                                                                                                                                    ;
+---------------+--------------+-------------------+-------------------------+-------------------------+---------------+---------------------+----------------+------------------+--------+------------------+------------------------+------------------------+--------------+---------------+-----------------+-------+---------------------+--------------------+---------------+-----------------+-------------+
; Pin           ; I/O Standard ; Near Tline Length ; Near Tline L per Length ; Near Tline C per Length ; Near Series R ; Near Differential R ; Near Pull-up R ; Near Pull-down R ; Near C ; Far Tline Length ; Far Tline L per Length ; Far Tline C per Length ; Far Series R ; Far Pull-up R ; Far Pull-down R ; Far C ; Termination Voltage ; Far Differential R ; EBD File Name ; EBD Signal Name ; EBD Far-end ;
+---------------+--------------+-------------------+-------------------------+-------------------------+---------------+---------------------+----------------+------------------+--------+------------------+------------------------+------------------------+--------------+---------------+-----------------+-------+---------------------+--------------------+---------------+-----------------+-------------+
; C[0]          ; 2.5 V        ; 0 in              ; 0 H/in                  ; 0 F/in                  ; short         ; -                   ; open           ; open             ; open   ; 0 in             ; 0 H/in                 ; 0 F/in                 ; short        ; open          ; open            ; open  ; 0 V                 ; -                  ; n/a           ; n/a             ; n/a         ;
; C[1]          ; 2.5 V        ; 0 in              ; 0 H/in                  ; 0 F/in                  ; short         ; -                   ; open           ; open             ; open   ; 0 in             ; 0 H/in                 ; 0 F/in                 ; short        ; open          ; open            ; open  ; 0 V                 ; -                  ; n/a           ; n/a             ; n/a         ;
; C[2]          ; 2.5 V        ; 0 in              ; 0 H/in                  ; 0 F/in                  ; short         ; -                   ; open           ; open             ; open   ; 0 in             ; 0 H/in                 ; 0 F/in                 ; short        ; open          ; open            ; open  ; 0 V                 ; -                  ; n/a           ; n/a             ; n/a         ;
; C[3]          ; 2.5 V        ; 0 in              ; 0 H/in                  ; 0 F/in                  ; short         ; -                   ; open           ; open             ; open   ; 0 in             ; 0 H/in                 ; 0 F/in                 ; short        ; open          ; open            ; open  ; 0 V                 ; -                  ; n/a           ; n/a             ; n/a         ;
; C[4]          ; 2.5 V        ; 0 in              ; 0 H/in                  ; 0 F/in                  ; short         ; -                   ; open           ; open             ; open   ; 0 in             ; 0 H/in                 ; 0 F/in                 ; short        ; open          ; open            ; open  ; 0 V                 ; -                  ; n/a           ; n/a             ; n/a         ;
; C[5]          ; 2.5 V        ; 0 in              ; 0 H/in                  ; 0 F/in                  ; short         ; -                   ; open           ; open             ; open   ; 0 in             ; 0 H/in                 ; 0 F/in                 ; short        ; open          ; open            ; open  ; 0 V                 ; -                  ; n/a           ; n/a             ; n/a         ;
; C[6]          ; 2.5 V        ; 0 in              ; 0 H/in                  ; 0 F/in                  ; short         ; -                   ; open           ; open             ; open   ; 0 in             ; 0 H/in                 ; 0 F/in                 ; short        ; open          ; open            ; open  ; 0 V                 ; -                  ; n/a           ; n/a             ; n/a         ;
; C[7]          ; 2.5 V        ; 0 in              ; 0 H/in                  ; 0 F/in                  ; short         ; -                   ; open           ; open             ; open   ; 0 in             ; 0 H/in                 ; 0 F/in                 ; short        ; open          ; open            ; open  ; 0 V                 ; -                  ; n/a           ; n/a             ; n/a         ;
; C[8]          ; 2.5 V        ; 0 in              ; 0 H/in                  ; 0 F/in                  ; short         ; -                   ; open           ; open             ; open   ; 0 in             ; 0 H/in                 ; 0 F/in                 ; short        ; open          ; open            ; open  ; 0 V                 ; -                  ; n/a           ; n/a             ; n/a         ;
; C[9]          ; 2.5 V        ; 0 in              ; 0 H/in                  ; 0 F/in                  ; short         ; -                   ; open           ; open             ; open   ; 0 in             ; 0 H/in                 ; 0 F/in                 ; short        ; open          ; open            ; open  ; 0 V                 ; -                  ; n/a           ; n/a             ; n/a         ;
; C[10]         ; 2.5 V        ; 0 in              ; 0 H/in                  ; 0 F/in                  ; short         ; -                   ; open           ; open             ; open   ; 0 in             ; 0 H/in                 ; 0 F/in                 ; short        ; open          ; open            ; open  ; 0 V                 ; -                  ; n/a           ; n/a             ; n/a         ;
; C[11]         ; 2.5 V        ; 0 in              ; 0 H/in                  ; 0 F/in                  ; short         ; -                   ; open           ; open             ; open   ; 0 in             ; 0 H/in                 ; 0 F/in                 ; short        ; open          ; open            ; open  ; 0 V                 ; -                  ; n/a           ; n/a             ; n/a         ;
; C[12]         ; 2.5 V        ; 0 in              ; 0 H/in                  ; 0 F/in                  ; short         ; -                   ; open           ; open             ; open   ; 0 in             ; 0 H/in                 ; 0 F/in                 ; short        ; open          ; open            ; open  ; 0 V                 ; -                  ; n/a           ; n/a             ; n/a         ;
; C[13]         ; 2.5 V        ; 0 in              ; 0 H/in                  ; 0 F/in                  ; short         ; -                   ; open           ; open             ; open   ; 0 in             ; 0 H/in                 ; 0 F/in                 ; short        ; open          ; open            ; open  ; 0 V                 ; -                  ; n/a           ; n/a             ; n/a         ;
; C[14]         ; 2.5 V        ; 0 in              ; 0 H/in                  ; 0 F/in                  ; short         ; -                   ; open           ; open             ; open   ; 0 in             ; 0 H/in                 ; 0 F/in                 ; short        ; open          ; open            ; open  ; 0 V                 ; -                  ; n/a           ; n/a             ; n/a         ;
; C[15]         ; 2.5 V        ; 0 in              ; 0 H/in                  ; 0 F/in                  ; short         ; -                   ; open           ; open             ; open   ; 0 in             ; 0 H/in                 ; 0 F/in                 ; short        ; open          ; open            ; open  ; 0 V                 ; -                  ; n/a           ; n/a             ; n/a         ;
; C[16]         ; 2.5 V        ; 0 in              ; 0 H/in                  ; 0 F/in                  ; short         ; -                   ; open           ; open             ; open   ; 0 in             ; 0 H/in                 ; 0 F/in                 ; short        ; open          ; open            ; open  ; 0 V                 ; -                  ; n/a           ; n/a             ; n/a         ;
; C[17]         ; 2.5 V        ; 0 in              ; 0 H/in                  ; 0 F/in                  ; short         ; -                   ; open           ; open             ; open   ; 0 in             ; 0 H/in                 ; 0 F/in                 ; short        ; open          ; open            ; open  ; 0 V                 ; -                  ; n/a           ; n/a             ; n/a         ;
; C[18]         ; 2.5 V        ; 0 in              ; 0 H/in                  ; 0 F/in                  ; short         ; -                   ; open           ; open             ; open   ; 0 in             ; 0 H/in                 ; 0 F/in                 ; short        ; open          ; open            ; open  ; 0 V                 ; -                  ; n/a           ; n/a             ; n/a         ;
; C[19]         ; 2.5 V        ; 0 in              ; 0 H/in                  ; 0 F/in                  ; short         ; -                   ; open           ; open             ; open   ; 0 in             ; 0 H/in                 ; 0 F/in                 ; short        ; open          ; open            ; open  ; 0 V                 ; -                  ; n/a           ; n/a             ; n/a         ;
; C[20]         ; 2.5 V        ; 0 in              ; 0 H/in                  ; 0 F/in                  ; short         ; -                   ; open           ; open             ; open   ; 0 in             ; 0 H/in                 ; 0 F/in                 ; short        ; open          ; open            ; open  ; 0 V                 ; -                  ; n/a           ; n/a             ; n/a         ;
; C[21]         ; 2.5 V        ; 0 in              ; 0 H/in                  ; 0 F/in                  ; short         ; -                   ; open           ; open             ; open   ; 0 in             ; 0 H/in                 ; 0 F/in                 ; short        ; open          ; open            ; open  ; 0 V                 ; -                  ; n/a           ; n/a             ; n/a         ;
; C[22]         ; 2.5 V        ; 0 in              ; 0 H/in                  ; 0 F/in                  ; short         ; -                   ; open           ; open             ; open   ; 0 in             ; 0 H/in                 ; 0 F/in                 ; short        ; open          ; open            ; open  ; 0 V                 ; -                  ; n/a           ; n/a             ; n/a         ;
; ~ALTERA_DCLK~ ; 2.5 V        ; 0 in              ; 0 H/in                  ; 0 F/in                  ; short         ; -                   ; open           ; open             ; open   ; 0 in             ; 0 H/in                 ; 0 F/in                 ; short        ; open          ; open            ; open  ; 0 V                 ; -                  ; n/a           ; n/a             ; n/a         ;
; ~ALTERA_nCEO~ ; 2.5 V        ; 0 in              ; 0 H/in                  ; 0 F/in                  ; short         ; -                   ; open           ; open             ; open   ; 0 in             ; 0 H/in                 ; 0 F/in                 ; short        ; open          ; open            ; open  ; 0 V                 ; -                  ; n/a           ; n/a             ; n/a         ;
+---------------+--------------+-------------------+-------------------------+-------------------------+---------------+---------------------+----------------+------------------+--------+------------------+------------------------+------------------------+--------------+---------------+-----------------+-------+---------------------+--------------------+---------------+-----------------+-------------+


+----------------------------------------------------------------------------+
; Input Transition Times                                                     ;
+-------------------------+--------------+-----------------+-----------------+
; Pin                     ; I/O Standard ; 10-90 Rise Time ; 90-10 Fall Time ;
+-------------------------+--------------+-----------------+-----------------+
; B[0]                    ; 2.5 V        ; 2000 ps         ; 2000 ps         ;
; A[0]                    ; 2.5 V        ; 2000 ps         ; 2000 ps         ;
; Sel                     ; 2.5 V        ; 2000 ps         ; 2000 ps         ;
; B[1]                    ; 2.5 V        ; 2000 ps         ; 2000 ps         ;
; A[1]                    ; 2.5 V        ; 2000 ps         ; 2000 ps         ;
; B[2]                    ; 2.5 V        ; 2000 ps         ; 2000 ps         ;
; A[2]                    ; 2.5 V        ; 2000 ps         ; 2000 ps         ;
; B[3]                    ; 2.5 V        ; 2000 ps         ; 2000 ps         ;
; A[3]                    ; 2.5 V        ; 2000 ps         ; 2000 ps         ;
; B[4]                    ; 2.5 V        ; 2000 ps         ; 2000 ps         ;
; A[4]                    ; 2.5 V        ; 2000 ps         ; 2000 ps         ;
; B[5]                    ; 2.5 V        ; 2000 ps         ; 2000 ps         ;
; A[5]                    ; 2.5 V        ; 2000 ps         ; 2000 ps         ;
; B[6]                    ; 2.5 V        ; 2000 ps         ; 2000 ps         ;
; A[6]                    ; 2.5 V        ; 2000 ps         ; 2000 ps         ;
; B[7]                    ; 2.5 V        ; 2000 ps         ; 2000 ps         ;
; A[7]                    ; 2.5 V        ; 2000 ps         ; 2000 ps         ;
; B[8]                    ; 2.5 V        ; 2000 ps         ; 2000 ps         ;
; A[8]                    ; 2.5 V        ; 2000 ps         ; 2000 ps         ;
; B[9]                    ; 2.5 V        ; 2000 ps         ; 2000 ps         ;
; A[9]                    ; 2.5 V        ; 2000 ps         ; 2000 ps         ;
; B[10]                   ; 2.5 V        ; 2000 ps         ; 2000 ps         ;
; A[10]                   ; 2.5 V        ; 2000 ps         ; 2000 ps         ;
; B[11]                   ; 2.5 V        ; 2000 ps         ; 2000 ps         ;
; A[11]                   ; 2.5 V        ; 2000 ps         ; 2000 ps         ;
; B[12]                   ; 2.5 V        ; 2000 ps         ; 2000 ps         ;
; A[12]                   ; 2.5 V        ; 2000 ps         ; 2000 ps         ;
; B[13]                   ; 2.5 V        ; 2000 ps         ; 2000 ps         ;
; A[13]                   ; 2.5 V        ; 2000 ps         ; 2000 ps         ;
; B[14]                   ; 2.5 V        ; 2000 ps         ; 2000 ps         ;
; A[14]                   ; 2.5 V        ; 2000 ps         ; 2000 ps         ;
; B[15]                   ; 2.5 V        ; 2000 ps         ; 2000 ps         ;
; A[15]                   ; 2.5 V        ; 2000 ps         ; 2000 ps         ;
; B[16]                   ; 2.5 V        ; 2000 ps         ; 2000 ps         ;
; A[16]                   ; 2.5 V        ; 2000 ps         ; 2000 ps         ;
; B[17]                   ; 2.5 V        ; 2000 ps         ; 2000 ps         ;
; A[17]                   ; 2.5 V        ; 2000 ps         ; 2000 ps         ;
; B[18]                   ; 2.5 V        ; 2000 ps         ; 2000 ps         ;
; A[18]                   ; 2.5 V        ; 2000 ps         ; 2000 ps         ;
; B[19]                   ; 2.5 V        ; 2000 ps         ; 2000 ps         ;
; A[19]                   ; 2.5 V        ; 2000 ps         ; 2000 ps         ;
; B[20]                   ; 2.5 V        ; 2000 ps         ; 2000 ps         ;
; A[20]                   ; 2.5 V        ; 2000 ps         ; 2000 ps         ;
; B[21]                   ; 2.5 V        ; 2000 ps         ; 2000 ps         ;
; A[21]                   ; 2.5 V        ; 2000 ps         ; 2000 ps         ;
; B[22]                   ; 2.5 V        ; 2000 ps         ; 2000 ps         ;
; A[22]                   ; 2.5 V        ; 2000 ps         ; 2000 ps         ;
; ~ALTERA_ASDO_DATA1~     ; 2.5 V        ; 2000 ps         ; 2000 ps         ;
; ~ALTERA_FLASH_nCE_nCSO~ ; 2.5 V        ; 2000 ps         ; 2000 ps         ;
; ~ALTERA_DATA0~          ; 2.5 V        ; 2000 ps         ; 2000 ps         ;
+-------------------------+--------------+-----------------+-----------------+


+--------------------------------------------------------------------------------------------------------------------------------------------------------------------------------------------------------------------------------------------------------------------------------------------------------------------------------------------------------------------------------------------------------------------------------------------------------------------------------------------------------------------------------------------------------------------------------------------------------------------------------------------------------------------------------------------+
; Signal Integrity Metrics (Slow 1200mv 0c Model)                                                                                                                                                                                                                                                                                                                                                                                                                                                                                                                                                                                                                                            ;
+---------------+--------------+---------------------+---------------------+------------------------------+------------------------------+---------------------+---------------------+--------------------------------------+--------------------------------------+-----------------------------+-----------------------------+----------------------------+----------------------------+-----------------------------+-----------------------------+--------------------+--------------------+-------------------------------------+-------------------------------------+----------------------------+----------------------------+---------------------------+---------------------------+
; Pin           ; I/O Standard ; Board Delay on Rise ; Board Delay on Fall ; Steady State Voh at FPGA Pin ; Steady State Vol at FPGA Pin ; Voh Max at FPGA Pin ; Vol Min at FPGA Pin ; Ringback Voltage on Rise at FPGA Pin ; Ringback Voltage on Fall at FPGA Pin ; 10-90 Rise Time at FPGA Pin ; 90-10 Fall Time at FPGA Pin ; Monotonic Rise at FPGA Pin ; Monotonic Fall at FPGA Pin ; Steady State Voh at Far-end ; Steady State Vol at Far-end ; Voh Max at Far-end ; Vol Min at Far-end ; Ringback Voltage on Rise at Far-end ; Ringback Voltage on Fall at Far-end ; 10-90 Rise Time at Far-end ; 90-10 Fall Time at Far-end ; Monotonic Rise at Far-end ; Monotonic Fall at Far-end ;
+---------------+--------------+---------------------+---------------------+------------------------------+------------------------------+---------------------+---------------------+--------------------------------------+--------------------------------------+-----------------------------+-----------------------------+----------------------------+----------------------------+-----------------------------+-----------------------------+--------------------+--------------------+-------------------------------------+-------------------------------------+----------------------------+----------------------------+---------------------------+---------------------------+
; C[0]          ; 2.5 V        ; 0 s                 ; 0 s                 ; 2.32 V                       ; 3.07e-09 V                   ; 2.37 V              ; -0.00994 V          ; 0.186 V                              ; 0.028 V                              ; 4.98e-10 s                  ; 4.96e-10 s                  ; Yes                        ; Yes                        ; 2.32 V                      ; 3.07e-09 V                  ; 2.37 V             ; -0.00994 V         ; 0.186 V                             ; 0.028 V                             ; 4.98e-10 s                 ; 4.96e-10 s                 ; Yes                       ; Yes                       ;
; C[1]          ; 2.5 V        ; 0 s                 ; 0 s                 ; 2.32 V                       ; 4.49e-09 V                   ; 2.38 V              ; -0.00552 V          ; 0.096 V                              ; 0.019 V                              ; 4.18e-10 s                  ; 3.59e-10 s                  ; No                         ; Yes                        ; 2.32 V                      ; 4.49e-09 V                  ; 2.38 V             ; -0.00552 V         ; 0.096 V                             ; 0.019 V                             ; 4.18e-10 s                 ; 3.59e-10 s                 ; No                        ; Yes                       ;
; C[2]          ; 2.5 V        ; 0 s                 ; 0 s                 ; 2.32 V                       ; 3.07e-09 V                   ; 2.37 V              ; -0.00994 V          ; 0.186 V                              ; 0.028 V                              ; 4.98e-10 s                  ; 4.96e-10 s                  ; Yes                        ; Yes                        ; 2.32 V                      ; 3.07e-09 V                  ; 2.37 V             ; -0.00994 V         ; 0.186 V                             ; 0.028 V                             ; 4.98e-10 s                 ; 4.96e-10 s                 ; Yes                       ; Yes                       ;
; C[3]          ; 2.5 V        ; 0 s                 ; 0 s                 ; 2.32 V                       ; 4.49e-09 V                   ; 2.38 V              ; -0.00552 V          ; 0.096 V                              ; 0.019 V                              ; 4.18e-10 s                  ; 3.59e-10 s                  ; No                         ; Yes                        ; 2.32 V                      ; 4.49e-09 V                  ; 2.38 V             ; -0.00552 V         ; 0.096 V                             ; 0.019 V                             ; 4.18e-10 s                 ; 3.59e-10 s                 ; No                        ; Yes                       ;
; C[4]          ; 2.5 V        ; 0 s                 ; 0 s                 ; 2.32 V                       ; 3.07e-09 V                   ; 2.38 V              ; -0.0144 V           ; 0.227 V                              ; 0.024 V                              ; 3.14e-10 s                  ; 3.39e-10 s                  ; Yes                        ; Yes                        ; 2.32 V                      ; 3.07e-09 V                  ; 2.38 V             ; -0.0144 V          ; 0.227 V                             ; 0.024 V                             ; 3.14e-10 s                 ; 3.39e-10 s                 ; Yes                       ; Yes                       ;
; C[5]          ; 2.5 V        ; 0 s                 ; 0 s                 ; 2.32 V                       ; 3.07e-09 V                   ; 2.37 V              ; -0.00994 V          ; 0.186 V                              ; 0.028 V                              ; 4.98e-10 s                  ; 4.96e-10 s                  ; Yes                        ; Yes                        ; 2.32 V                      ; 3.07e-09 V                  ; 2.37 V             ; -0.00994 V         ; 0.186 V                             ; 0.028 V                             ; 4.98e-10 s                 ; 4.96e-10 s                 ; Yes                       ; Yes                       ;
; C[6]          ; 2.5 V        ; 0 s                 ; 0 s                 ; 2.32 V                       ; 3.07e-09 V                   ; 2.33 V              ; -0.00496 V          ; 0.223 V                              ; 0.086 V                              ; 2.9e-09 s                   ; 2.73e-09 s                  ; Yes                        ; Yes                        ; 2.32 V                      ; 3.07e-09 V                  ; 2.33 V             ; -0.00496 V         ; 0.223 V                             ; 0.086 V                             ; 2.9e-09 s                  ; 2.73e-09 s                 ; Yes                       ; Yes                       ;
; C[7]          ; 2.5 V        ; 0 s                 ; 0 s                 ; 2.32 V                       ; 4.49e-09 V                   ; 2.38 V              ; -0.00552 V          ; 0.096 V                              ; 0.019 V                              ; 4.18e-10 s                  ; 3.59e-10 s                  ; No                         ; Yes                        ; 2.32 V                      ; 4.49e-09 V                  ; 2.38 V             ; -0.00552 V         ; 0.096 V                             ; 0.019 V                             ; 4.18e-10 s                 ; 3.59e-10 s                 ; No                        ; Yes                       ;
; C[8]          ; 2.5 V        ; 0 s                 ; 0 s                 ; 2.32 V                       ; 4.49e-09 V                   ; 2.38 V              ; -0.00552 V          ; 0.096 V                              ; 0.019 V                              ; 4.18e-10 s                  ; 3.59e-10 s                  ; No                         ; Yes                        ; 2.32 V                      ; 4.49e-09 V                  ; 2.38 V             ; -0.00552 V         ; 0.096 V                             ; 0.019 V                             ; 4.18e-10 s                 ; 3.59e-10 s                 ; No                        ; Yes                       ;
; C[9]          ; 2.5 V        ; 0 s                 ; 0 s                 ; 2.32 V                       ; 4.49e-09 V                   ; 2.38 V              ; -0.00552 V          ; 0.096 V                              ; 0.019 V                              ; 4.18e-10 s                  ; 3.59e-10 s                  ; No                         ; Yes                        ; 2.32 V                      ; 4.49e-09 V                  ; 2.38 V             ; -0.00552 V         ; 0.096 V                             ; 0.019 V                             ; 4.18e-10 s                 ; 3.59e-10 s                 ; No                        ; Yes                       ;
; C[10]         ; 2.5 V        ; 0 s                 ; 0 s                 ; 2.32 V                       ; 3.07e-09 V                   ; 2.37 V              ; -0.00994 V          ; 0.186 V                              ; 0.028 V                              ; 4.98e-10 s                  ; 4.96e-10 s                  ; Yes                        ; Yes                        ; 2.32 V                      ; 3.07e-09 V                  ; 2.37 V             ; -0.00994 V         ; 0.186 V                             ; 0.028 V                             ; 4.98e-10 s                 ; 4.96e-10 s                 ; Yes                       ; Yes                       ;
; C[11]         ; 2.5 V        ; 0 s                 ; 0 s                 ; 2.32 V                       ; 3.07e-09 V                   ; 2.37 V              ; -0.00994 V          ; 0.186 V                              ; 0.028 V                              ; 4.98e-10 s                  ; 4.96e-10 s                  ; Yes                        ; Yes                        ; 2.32 V                      ; 3.07e-09 V                  ; 2.37 V             ; -0.00994 V         ; 0.186 V                             ; 0.028 V                             ; 4.98e-10 s                 ; 4.96e-10 s                 ; Yes                       ; Yes                       ;
; C[12]         ; 2.5 V        ; 0 s                 ; 0 s                 ; 2.32 V                       ; 4.49e-09 V                   ; 2.38 V              ; -0.00552 V          ; 0.096 V                              ; 0.019 V                              ; 4.18e-10 s                  ; 3.59e-10 s                  ; No                         ; Yes                        ; 2.32 V                      ; 4.49e-09 V                  ; 2.38 V             ; -0.00552 V         ; 0.096 V                             ; 0.019 V                             ; 4.18e-10 s                 ; 3.59e-10 s                 ; No                        ; Yes                       ;
; C[13]         ; 2.5 V        ; 0 s                 ; 0 s                 ; 2.32 V                       ; 4.49e-09 V                   ; 2.38 V              ; -0.00552 V          ; 0.096 V                              ; 0.019 V                              ; 4.18e-10 s                  ; 3.59e-10 s                  ; No                         ; Yes                        ; 2.32 V                      ; 4.49e-09 V                  ; 2.38 V             ; -0.00552 V         ; 0.096 V                             ; 0.019 V                             ; 4.18e-10 s                 ; 3.59e-10 s                 ; No                        ; Yes                       ;
; C[14]         ; 2.5 V        ; 0 s                 ; 0 s                 ; 2.32 V                       ; 4.49e-09 V                   ; 2.38 V              ; -0.00552 V          ; 0.096 V                              ; 0.019 V                              ; 4.18e-10 s                  ; 3.59e-10 s                  ; No                         ; Yes                        ; 2.32 V                      ; 4.49e-09 V                  ; 2.38 V             ; -0.00552 V         ; 0.096 V                             ; 0.019 V                             ; 4.18e-10 s                 ; 3.59e-10 s                 ; No                        ; Yes                       ;
; C[15]         ; 2.5 V        ; 0 s                 ; 0 s                 ; 2.32 V                       ; 4.49e-09 V                   ; 2.38 V              ; -0.00552 V          ; 0.096 V                              ; 0.019 V                              ; 4.18e-10 s                  ; 3.59e-10 s                  ; No                         ; Yes                        ; 2.32 V                      ; 4.49e-09 V                  ; 2.38 V             ; -0.00552 V         ; 0.096 V                             ; 0.019 V                             ; 4.18e-10 s                 ; 3.59e-10 s                 ; No                        ; Yes                       ;
; C[16]         ; 2.5 V        ; 0 s                 ; 0 s                 ; 2.32 V                       ; 4.49e-09 V                   ; 2.38 V              ; -0.00552 V          ; 0.096 V                              ; 0.019 V                              ; 4.18e-10 s                  ; 3.59e-10 s                  ; No                         ; Yes                        ; 2.32 V                      ; 4.49e-09 V                  ; 2.38 V             ; -0.00552 V         ; 0.096 V                             ; 0.019 V                             ; 4.18e-10 s                 ; 3.59e-10 s                 ; No                        ; Yes                       ;
; C[17]         ; 2.5 V        ; 0 s                 ; 0 s                 ; 2.32 V                       ; 4.49e-09 V                   ; 2.33 V              ; -0.00467 V          ; 0.226 V                              ; 0.087 V                              ; 2.91e-09 s                  ; 2.74e-09 s                  ; Yes                        ; Yes                        ; 2.32 V                      ; 4.49e-09 V                  ; 2.33 V             ; -0.00467 V         ; 0.226 V                             ; 0.087 V                             ; 2.91e-09 s                 ; 2.74e-09 s                 ; Yes                       ; Yes                       ;
; C[18]         ; 2.5 V        ; 0 s                 ; 0 s                 ; 2.32 V                       ; 3.07e-09 V                   ; 2.37 V              ; -0.00994 V          ; 0.186 V                              ; 0.028 V                              ; 4.98e-10 s                  ; 4.96e-10 s                  ; Yes                        ; Yes                        ; 2.32 V                      ; 3.07e-09 V                  ; 2.37 V             ; -0.00994 V         ; 0.186 V                             ; 0.028 V                             ; 4.98e-10 s                 ; 4.96e-10 s                 ; Yes                       ; Yes                       ;
; C[19]         ; 2.5 V        ; 0 s                 ; 0 s                 ; 2.32 V                       ; 4.49e-09 V                   ; 2.38 V              ; -0.00552 V          ; 0.096 V                              ; 0.019 V                              ; 4.18e-10 s                  ; 3.59e-10 s                  ; No                         ; Yes                        ; 2.32 V                      ; 4.49e-09 V                  ; 2.38 V             ; -0.00552 V         ; 0.096 V                             ; 0.019 V                             ; 4.18e-10 s                 ; 3.59e-10 s                 ; No                        ; Yes                       ;
; C[20]         ; 2.5 V        ; 0 s                 ; 0 s                 ; 2.32 V                       ; 4.49e-09 V                   ; 2.33 V              ; -0.00467 V          ; 0.226 V                              ; 0.087 V                              ; 2.91e-09 s                  ; 2.74e-09 s                  ; Yes                        ; Yes                        ; 2.32 V                      ; 4.49e-09 V                  ; 2.33 V             ; -0.00467 V         ; 0.226 V                             ; 0.087 V                             ; 2.91e-09 s                 ; 2.74e-09 s                 ; Yes                       ; Yes                       ;
; C[21]         ; 2.5 V        ; 0 s                 ; 0 s                 ; 2.32 V                       ; 4.49e-09 V                   ; 2.38 V              ; -0.00552 V          ; 0.096 V                              ; 0.019 V                              ; 4.18e-10 s                  ; 3.59e-10 s                  ; No                         ; Yes                        ; 2.32 V                      ; 4.49e-09 V                  ; 2.38 V             ; -0.00552 V         ; 0.096 V                             ; 0.019 V                             ; 4.18e-10 s                 ; 3.59e-10 s                 ; No                        ; Yes                       ;
; C[22]         ; 2.5 V        ; 0 s                 ; 0 s                 ; 2.32 V                       ; 3.07e-09 V                   ; 2.37 V              ; -0.00994 V          ; 0.186 V                              ; 0.028 V                              ; 4.98e-10 s                  ; 4.96e-10 s                  ; Yes                        ; Yes                        ; 2.32 V                      ; 3.07e-09 V                  ; 2.37 V             ; -0.00994 V         ; 0.186 V                             ; 0.028 V                             ; 4.98e-10 s                 ; 4.96e-10 s                 ; Yes                       ; Yes                       ;
; ~ALTERA_DCLK~ ; 2.5 V        ; 0 s                 ; 0 s                 ; 2.32 V                       ; 2.67e-09 V                   ; 2.38 V              ; -0.0485 V           ; 0.167 V                              ; 0.096 V                              ; 2.95e-10 s                  ; 2.73e-10 s                  ; Yes                        ; Yes                        ; 2.32 V                      ; 2.67e-09 V                  ; 2.38 V             ; -0.0485 V          ; 0.167 V                             ; 0.096 V                             ; 2.95e-10 s                 ; 2.73e-10 s                 ; Yes                       ; Yes                       ;
; ~ALTERA_nCEO~ ; 2.5 V        ; 0 s                 ; 0 s                 ; 2.32 V                       ; 4.18e-09 V                   ; 2.38 V              ; -0.00483 V          ; 0.152 V                              ; 0.012 V                              ; 4.81e-10 s                  ; 6.29e-10 s                  ; Yes                        ; Yes                        ; 2.32 V                      ; 4.18e-09 V                  ; 2.38 V             ; -0.00483 V         ; 0.152 V                             ; 0.012 V                             ; 4.81e-10 s                 ; 6.29e-10 s                 ; Yes                       ; Yes                       ;
+---------------+--------------+---------------------+---------------------+------------------------------+------------------------------+---------------------+---------------------+--------------------------------------+--------------------------------------+-----------------------------+-----------------------------+----------------------------+----------------------------+-----------------------------+-----------------------------+--------------------+--------------------+-------------------------------------+-------------------------------------+----------------------------+----------------------------+---------------------------+---------------------------+


+--------------------------------------------------------------------------------------------------------------------------------------------------------------------------------------------------------------------------------------------------------------------------------------------------------------------------------------------------------------------------------------------------------------------------------------------------------------------------------------------------------------------------------------------------------------------------------------------------------------------------------------------------------------------------------------------+
; Signal Integrity Metrics (Slow 1200mv 85c Model)                                                                                                                                                                                                                                                                                                                                                                                                                                                                                                                                                                                                                                           ;
+---------------+--------------+---------------------+---------------------+------------------------------+------------------------------+---------------------+---------------------+--------------------------------------+--------------------------------------+-----------------------------+-----------------------------+----------------------------+----------------------------+-----------------------------+-----------------------------+--------------------+--------------------+-------------------------------------+-------------------------------------+----------------------------+----------------------------+---------------------------+---------------------------+
; Pin           ; I/O Standard ; Board Delay on Rise ; Board Delay on Fall ; Steady State Voh at FPGA Pin ; Steady State Vol at FPGA Pin ; Voh Max at FPGA Pin ; Vol Min at FPGA Pin ; Ringback Voltage on Rise at FPGA Pin ; Ringback Voltage on Fall at FPGA Pin ; 10-90 Rise Time at FPGA Pin ; 90-10 Fall Time at FPGA Pin ; Monotonic Rise at FPGA Pin ; Monotonic Fall at FPGA Pin ; Steady State Voh at Far-end ; Steady State Vol at Far-end ; Voh Max at Far-end ; Vol Min at Far-end ; Ringback Voltage on Rise at Far-end ; Ringback Voltage on Fall at Far-end ; 10-90 Rise Time at Far-end ; 90-10 Fall Time at Far-end ; Monotonic Rise at Far-end ; Monotonic Fall at Far-end ;
+---------------+--------------+---------------------+---------------------+------------------------------+------------------------------+---------------------+---------------------+--------------------------------------+--------------------------------------+-----------------------------+-----------------------------+----------------------------+----------------------------+-----------------------------+-----------------------------+--------------------+--------------------+-------------------------------------+-------------------------------------+----------------------------+----------------------------+---------------------------+---------------------------+
; C[0]          ; 2.5 V        ; 0 s                 ; 0 s                 ; 2.32 V                       ; 4.67e-07 V                   ; 2.35 V              ; -0.00942 V          ; 0.116 V                              ; 0.033 V                              ; 6.66e-10 s                  ; 6.27e-10 s                  ; Yes                        ; Yes                        ; 2.32 V                      ; 4.67e-07 V                  ; 2.35 V             ; -0.00942 V         ; 0.116 V                             ; 0.033 V                             ; 6.66e-10 s                 ; 6.27e-10 s                 ; Yes                       ; Yes                       ;
; C[1]          ; 2.5 V        ; 0 s                 ; 0 s                 ; 2.32 V                       ; 6.92e-07 V                   ; 2.35 V              ; -0.00996 V          ; 0.121 V                              ; 0.03 V                               ; 4.64e-10 s                  ; 4.47e-10 s                  ; Yes                        ; Yes                        ; 2.32 V                      ; 6.92e-07 V                  ; 2.35 V             ; -0.00996 V         ; 0.121 V                             ; 0.03 V                              ; 4.64e-10 s                 ; 4.47e-10 s                 ; Yes                       ; Yes                       ;
; C[2]          ; 2.5 V        ; 0 s                 ; 0 s                 ; 2.32 V                       ; 4.67e-07 V                   ; 2.35 V              ; -0.00942 V          ; 0.116 V                              ; 0.033 V                              ; 6.66e-10 s                  ; 6.27e-10 s                  ; Yes                        ; Yes                        ; 2.32 V                      ; 4.67e-07 V                  ; 2.35 V             ; -0.00942 V         ; 0.116 V                             ; 0.033 V                             ; 6.66e-10 s                 ; 6.27e-10 s                 ; Yes                       ; Yes                       ;
; C[3]          ; 2.5 V        ; 0 s                 ; 0 s                 ; 2.32 V                       ; 6.92e-07 V                   ; 2.35 V              ; -0.00996 V          ; 0.121 V                              ; 0.03 V                               ; 4.64e-10 s                  ; 4.47e-10 s                  ; Yes                        ; Yes                        ; 2.32 V                      ; 6.92e-07 V                  ; 2.35 V             ; -0.00996 V         ; 0.121 V                             ; 0.03 V                              ; 4.64e-10 s                 ; 4.47e-10 s                 ; Yes                       ; Yes                       ;
; C[4]          ; 2.5 V        ; 0 s                 ; 0 s                 ; 2.32 V                       ; 4.67e-07 V                   ; 2.36 V              ; -0.00552 V          ; 0.11 V                               ; 0.007 V                              ; 4.54e-10 s                  ; 4.35e-10 s                  ; Yes                        ; Yes                        ; 2.32 V                      ; 4.67e-07 V                  ; 2.36 V             ; -0.00552 V         ; 0.11 V                              ; 0.007 V                             ; 4.54e-10 s                 ; 4.35e-10 s                 ; Yes                       ; Yes                       ;
; C[5]          ; 2.5 V        ; 0 s                 ; 0 s                 ; 2.32 V                       ; 4.67e-07 V                   ; 2.35 V              ; -0.00942 V          ; 0.116 V                              ; 0.033 V                              ; 6.66e-10 s                  ; 6.27e-10 s                  ; Yes                        ; Yes                        ; 2.32 V                      ; 4.67e-07 V                  ; 2.35 V             ; -0.00942 V         ; 0.116 V                             ; 0.033 V                             ; 6.66e-10 s                 ; 6.27e-10 s                 ; Yes                       ; Yes                       ;
; C[6]          ; 2.5 V        ; 0 s                 ; 0 s                 ; 2.32 V                       ; 4.67e-07 V                   ; 2.33 V              ; -0.00269 V          ; 0.13 V                               ; 0.055 V                              ; 3.54e-09 s                  ; 3.29e-09 s                  ; Yes                        ; Yes                        ; 2.32 V                      ; 4.67e-07 V                  ; 2.33 V             ; -0.00269 V         ; 0.13 V                              ; 0.055 V                             ; 3.54e-09 s                 ; 3.29e-09 s                 ; Yes                       ; Yes                       ;
; C[7]          ; 2.5 V        ; 0 s                 ; 0 s                 ; 2.32 V                       ; 6.92e-07 V                   ; 2.35 V              ; -0.00996 V          ; 0.121 V                              ; 0.03 V                               ; 4.64e-10 s                  ; 4.47e-10 s                  ; Yes                        ; Yes                        ; 2.32 V                      ; 6.92e-07 V                  ; 2.35 V             ; -0.00996 V         ; 0.121 V                             ; 0.03 V                              ; 4.64e-10 s                 ; 4.47e-10 s                 ; Yes                       ; Yes                       ;
; C[8]          ; 2.5 V        ; 0 s                 ; 0 s                 ; 2.32 V                       ; 6.92e-07 V                   ; 2.35 V              ; -0.00996 V          ; 0.121 V                              ; 0.03 V                               ; 4.64e-10 s                  ; 4.47e-10 s                  ; Yes                        ; Yes                        ; 2.32 V                      ; 6.92e-07 V                  ; 2.35 V             ; -0.00996 V         ; 0.121 V                             ; 0.03 V                              ; 4.64e-10 s                 ; 4.47e-10 s                 ; Yes                       ; Yes                       ;
; C[9]          ; 2.5 V        ; 0 s                 ; 0 s                 ; 2.32 V                       ; 6.92e-07 V                   ; 2.35 V              ; -0.00996 V          ; 0.121 V                              ; 0.03 V                               ; 4.64e-10 s                  ; 4.47e-10 s                  ; Yes                        ; Yes                        ; 2.32 V                      ; 6.92e-07 V                  ; 2.35 V             ; -0.00996 V         ; 0.121 V                             ; 0.03 V                              ; 4.64e-10 s                 ; 4.47e-10 s                 ; Yes                       ; Yes                       ;
; C[10]         ; 2.5 V        ; 0 s                 ; 0 s                 ; 2.32 V                       ; 4.67e-07 V                   ; 2.35 V              ; -0.00942 V          ; 0.116 V                              ; 0.033 V                              ; 6.66e-10 s                  ; 6.27e-10 s                  ; Yes                        ; Yes                        ; 2.32 V                      ; 4.67e-07 V                  ; 2.35 V             ; -0.00942 V         ; 0.116 V                             ; 0.033 V                             ; 6.66e-10 s                 ; 6.27e-10 s                 ; Yes                       ; Yes                       ;
; C[11]         ; 2.5 V        ; 0 s                 ; 0 s                 ; 2.32 V                       ; 4.67e-07 V                   ; 2.35 V              ; -0.00942 V          ; 0.116 V                              ; 0.033 V                              ; 6.66e-10 s                  ; 6.27e-10 s                  ; Yes                        ; Yes                        ; 2.32 V                      ; 4.67e-07 V                  ; 2.35 V             ; -0.00942 V         ; 0.116 V                             ; 0.033 V                             ; 6.66e-10 s                 ; 6.27e-10 s                 ; Yes                       ; Yes                       ;
; C[12]         ; 2.5 V        ; 0 s                 ; 0 s                 ; 2.32 V                       ; 6.92e-07 V                   ; 2.35 V              ; -0.00996 V          ; 0.121 V                              ; 0.03 V                               ; 4.64e-10 s                  ; 4.47e-10 s                  ; Yes                        ; Yes                        ; 2.32 V                      ; 6.92e-07 V                  ; 2.35 V             ; -0.00996 V         ; 0.121 V                             ; 0.03 V                              ; 4.64e-10 s                 ; 4.47e-10 s                 ; Yes                       ; Yes                       ;
; C[13]         ; 2.5 V        ; 0 s                 ; 0 s                 ; 2.32 V                       ; 6.92e-07 V                   ; 2.35 V              ; -0.00996 V          ; 0.121 V                              ; 0.03 V                               ; 4.64e-10 s                  ; 4.47e-10 s                  ; Yes                        ; Yes                        ; 2.32 V                      ; 6.92e-07 V                  ; 2.35 V             ; -0.00996 V         ; 0.121 V                             ; 0.03 V                              ; 4.64e-10 s                 ; 4.47e-10 s                 ; Yes                       ; Yes                       ;
; C[14]         ; 2.5 V        ; 0 s                 ; 0 s                 ; 2.32 V                       ; 6.92e-07 V                   ; 2.35 V              ; -0.00996 V          ; 0.121 V                              ; 0.03 V                               ; 4.64e-10 s                  ; 4.47e-10 s                  ; Yes                        ; Yes                        ; 2.32 V                      ; 6.92e-07 V                  ; 2.35 V             ; -0.00996 V         ; 0.121 V                             ; 0.03 V                              ; 4.64e-10 s                 ; 4.47e-10 s                 ; Yes                       ; Yes                       ;
; C[15]         ; 2.5 V        ; 0 s                 ; 0 s                 ; 2.32 V                       ; 6.92e-07 V                   ; 2.35 V              ; -0.00996 V          ; 0.121 V                              ; 0.03 V                               ; 4.64e-10 s                  ; 4.47e-10 s                  ; Yes                        ; Yes                        ; 2.32 V                      ; 6.92e-07 V                  ; 2.35 V             ; -0.00996 V         ; 0.121 V                             ; 0.03 V                              ; 4.64e-10 s                 ; 4.47e-10 s                 ; Yes                       ; Yes                       ;
; C[16]         ; 2.5 V        ; 0 s                 ; 0 s                 ; 2.32 V                       ; 6.92e-07 V                   ; 2.35 V              ; -0.00996 V          ; 0.121 V                              ; 0.03 V                               ; 4.64e-10 s                  ; 4.47e-10 s                  ; Yes                        ; Yes                        ; 2.32 V                      ; 6.92e-07 V                  ; 2.35 V             ; -0.00996 V         ; 0.121 V                             ; 0.03 V                              ; 4.64e-10 s                 ; 4.47e-10 s                 ; Yes                       ; Yes                       ;
; C[17]         ; 2.5 V        ; 0 s                 ; 0 s                 ; 2.32 V                       ; 6.92e-07 V                   ; 2.33 V              ; -0.00265 V          ; 0.133 V                              ; 0.056 V                              ; 3.55e-09 s                  ; 3.31e-09 s                  ; Yes                        ; Yes                        ; 2.32 V                      ; 6.92e-07 V                  ; 2.33 V             ; -0.00265 V         ; 0.133 V                             ; 0.056 V                             ; 3.55e-09 s                 ; 3.31e-09 s                 ; Yes                       ; Yes                       ;
; C[18]         ; 2.5 V        ; 0 s                 ; 0 s                 ; 2.32 V                       ; 4.67e-07 V                   ; 2.35 V              ; -0.00942 V          ; 0.116 V                              ; 0.033 V                              ; 6.66e-10 s                  ; 6.27e-10 s                  ; Yes                        ; Yes                        ; 2.32 V                      ; 4.67e-07 V                  ; 2.35 V             ; -0.00942 V         ; 0.116 V                             ; 0.033 V                             ; 6.66e-10 s                 ; 6.27e-10 s                 ; Yes                       ; Yes                       ;
; C[19]         ; 2.5 V        ; 0 s                 ; 0 s                 ; 2.32 V                       ; 6.92e-07 V                   ; 2.35 V              ; -0.00996 V          ; 0.121 V                              ; 0.03 V                               ; 4.64e-10 s                  ; 4.47e-10 s                  ; Yes                        ; Yes                        ; 2.32 V                      ; 6.92e-07 V                  ; 2.35 V             ; -0.00996 V         ; 0.121 V                             ; 0.03 V                              ; 4.64e-10 s                 ; 4.47e-10 s                 ; Yes                       ; Yes                       ;
; C[20]         ; 2.5 V        ; 0 s                 ; 0 s                 ; 2.32 V                       ; 6.92e-07 V                   ; 2.33 V              ; -0.00265 V          ; 0.133 V                              ; 0.056 V                              ; 3.55e-09 s                  ; 3.31e-09 s                  ; Yes                        ; Yes                        ; 2.32 V                      ; 6.92e-07 V                  ; 2.33 V             ; -0.00265 V         ; 0.133 V                             ; 0.056 V                             ; 3.55e-09 s                 ; 3.31e-09 s                 ; Yes                       ; Yes                       ;
; C[21]         ; 2.5 V        ; 0 s                 ; 0 s                 ; 2.32 V                       ; 6.92e-07 V                   ; 2.35 V              ; -0.00996 V          ; 0.121 V                              ; 0.03 V                               ; 4.64e-10 s                  ; 4.47e-10 s                  ; Yes                        ; Yes                        ; 2.32 V                      ; 6.92e-07 V                  ; 2.35 V             ; -0.00996 V         ; 0.121 V                             ; 0.03 V                              ; 4.64e-10 s                 ; 4.47e-10 s                 ; Yes                       ; Yes                       ;
; C[22]         ; 2.5 V        ; 0 s                 ; 0 s                 ; 2.32 V                       ; 4.67e-07 V                   ; 2.35 V              ; -0.00942 V          ; 0.116 V                              ; 0.033 V                              ; 6.66e-10 s                  ; 6.27e-10 s                  ; Yes                        ; Yes                        ; 2.32 V                      ; 4.67e-07 V                  ; 2.35 V             ; -0.00942 V         ; 0.116 V                             ; 0.033 V                             ; 6.66e-10 s                 ; 6.27e-10 s                 ; Yes                       ; Yes                       ;
; ~ALTERA_DCLK~ ; 2.5 V        ; 0 s                 ; 0 s                 ; 2.32 V                       ; 3.75e-07 V                   ; 2.35 V              ; -0.0109 V           ; 0.084 V                              ; 0.027 V                              ; 4.31e-10 s                  ; 3.61e-10 s                  ; Yes                        ; Yes                        ; 2.32 V                      ; 3.75e-07 V                  ; 2.35 V             ; -0.0109 V          ; 0.084 V                             ; 0.027 V                             ; 4.31e-10 s                 ; 3.61e-10 s                 ; Yes                       ; Yes                       ;
; ~ALTERA_nCEO~ ; 2.5 V        ; 0 s                 ; 0 s                 ; 2.32 V                       ; 6.15e-07 V                   ; 2.35 V              ; -0.00712 V          ; 0.093 V                              ; 0.02 V                               ; 6.21e-10 s                  ; 7.9e-10 s                   ; Yes                        ; Yes                        ; 2.32 V                      ; 6.15e-07 V                  ; 2.35 V             ; -0.00712 V         ; 0.093 V                             ; 0.02 V                              ; 6.21e-10 s                 ; 7.9e-10 s                  ; Yes                       ; Yes                       ;
+---------------+--------------+---------------------+---------------------+------------------------------+------------------------------+---------------------+---------------------+--------------------------------------+--------------------------------------+-----------------------------+-----------------------------+----------------------------+----------------------------+-----------------------------+-----------------------------+--------------------+--------------------+-------------------------------------+-------------------------------------+----------------------------+----------------------------+---------------------------+---------------------------+


+--------------------------------------------------------------------------------------------------------------------------------------------------------------------------------------------------------------------------------------------------------------------------------------------------------------------------------------------------------------------------------------------------------------------------------------------------------------------------------------------------------------------------------------------------------------------------------------------------------------------------------------------------------------------------------------------+
; Signal Integrity Metrics (Fast 1200mv 0c Model)                                                                                                                                                                                                                                                                                                                                                                                                                                                                                                                                                                                                                                            ;
+---------------+--------------+---------------------+---------------------+------------------------------+------------------------------+---------------------+---------------------+--------------------------------------+--------------------------------------+-----------------------------+-----------------------------+----------------------------+----------------------------+-----------------------------+-----------------------------+--------------------+--------------------+-------------------------------------+-------------------------------------+----------------------------+----------------------------+---------------------------+---------------------------+
; Pin           ; I/O Standard ; Board Delay on Rise ; Board Delay on Fall ; Steady State Voh at FPGA Pin ; Steady State Vol at FPGA Pin ; Voh Max at FPGA Pin ; Vol Min at FPGA Pin ; Ringback Voltage on Rise at FPGA Pin ; Ringback Voltage on Fall at FPGA Pin ; 10-90 Rise Time at FPGA Pin ; 90-10 Fall Time at FPGA Pin ; Monotonic Rise at FPGA Pin ; Monotonic Fall at FPGA Pin ; Steady State Voh at Far-end ; Steady State Vol at Far-end ; Voh Max at Far-end ; Vol Min at Far-end ; Ringback Voltage on Rise at Far-end ; Ringback Voltage on Fall at Far-end ; 10-90 Rise Time at Far-end ; 90-10 Fall Time at Far-end ; Monotonic Rise at Far-end ; Monotonic Fall at Far-end ;
+---------------+--------------+---------------------+---------------------+------------------------------+------------------------------+---------------------+---------------------+--------------------------------------+--------------------------------------+-----------------------------+-----------------------------+----------------------------+----------------------------+-----------------------------+-----------------------------+--------------------+--------------------+-------------------------------------+-------------------------------------+----------------------------+----------------------------+---------------------------+---------------------------+
; C[0]          ; 2.5 V        ; 0 s                 ; 0 s                 ; 2.62 V                       ; 2.74e-08 V                   ; 2.71 V              ; -0.0317 V           ; 0.148 V                              ; 0.064 V                              ; 4.51e-10 s                  ; 4.15e-10 s                  ; No                         ; Yes                        ; 2.62 V                      ; 2.74e-08 V                  ; 2.71 V             ; -0.0317 V          ; 0.148 V                             ; 0.064 V                             ; 4.51e-10 s                 ; 4.15e-10 s                 ; No                        ; Yes                       ;
; C[1]          ; 2.5 V        ; 0 s                 ; 0 s                 ; 2.62 V                       ; 4.05e-08 V                   ; 2.72 V              ; -0.0349 V           ; 0.173 V                              ; 0.1 V                                ; 2.72e-10 s                  ; 2.69e-10 s                  ; Yes                        ; Yes                        ; 2.62 V                      ; 4.05e-08 V                  ; 2.72 V             ; -0.0349 V          ; 0.173 V                             ; 0.1 V                               ; 2.72e-10 s                 ; 2.69e-10 s                 ; Yes                       ; Yes                       ;
; C[2]          ; 2.5 V        ; 0 s                 ; 0 s                 ; 2.62 V                       ; 2.74e-08 V                   ; 2.71 V              ; -0.0317 V           ; 0.148 V                              ; 0.064 V                              ; 4.51e-10 s                  ; 4.15e-10 s                  ; No                         ; Yes                        ; 2.62 V                      ; 2.74e-08 V                  ; 2.71 V             ; -0.0317 V          ; 0.148 V                             ; 0.064 V                             ; 4.51e-10 s                 ; 4.15e-10 s                 ; No                        ; Yes                       ;
; C[3]          ; 2.5 V        ; 0 s                 ; 0 s                 ; 2.62 V                       ; 4.05e-08 V                   ; 2.72 V              ; -0.0349 V           ; 0.173 V                              ; 0.1 V                                ; 2.72e-10 s                  ; 2.69e-10 s                  ; Yes                        ; Yes                        ; 2.62 V                      ; 4.05e-08 V                  ; 2.72 V             ; -0.0349 V          ; 0.173 V                             ; 0.1 V                               ; 2.72e-10 s                 ; 2.69e-10 s                 ; Yes                       ; Yes                       ;
; C[4]          ; 2.5 V        ; 0 s                 ; 0 s                 ; 2.62 V                       ; 2.74e-08 V                   ; 2.73 V              ; -0.0384 V           ; 0.169 V                              ; 0.089 V                              ; 2.7e-10 s                   ; 2.62e-10 s                  ; Yes                        ; Yes                        ; 2.62 V                      ; 2.74e-08 V                  ; 2.73 V             ; -0.0384 V          ; 0.169 V                             ; 0.089 V                             ; 2.7e-10 s                  ; 2.62e-10 s                 ; Yes                       ; Yes                       ;
; C[5]          ; 2.5 V        ; 0 s                 ; 0 s                 ; 2.62 V                       ; 2.74e-08 V                   ; 2.71 V              ; -0.0317 V           ; 0.148 V                              ; 0.064 V                              ; 4.51e-10 s                  ; 4.15e-10 s                  ; No                         ; Yes                        ; 2.62 V                      ; 2.74e-08 V                  ; 2.71 V             ; -0.0317 V          ; 0.148 V                             ; 0.064 V                             ; 4.51e-10 s                 ; 4.15e-10 s                 ; No                        ; Yes                       ;
; C[6]          ; 2.5 V        ; 0 s                 ; 0 s                 ; 2.62 V                       ; 2.74e-08 V                   ; 2.64 V              ; -0.0117 V           ; 0.202 V                              ; 0.176 V                              ; 2.38e-09 s                  ; 2.22e-09 s                  ; No                         ; Yes                        ; 2.62 V                      ; 2.74e-08 V                  ; 2.64 V             ; -0.0117 V          ; 0.202 V                             ; 0.176 V                             ; 2.38e-09 s                 ; 2.22e-09 s                 ; No                        ; Yes                       ;
; C[7]          ; 2.5 V        ; 0 s                 ; 0 s                 ; 2.62 V                       ; 4.05e-08 V                   ; 2.72 V              ; -0.0349 V           ; 0.173 V                              ; 0.1 V                                ; 2.72e-10 s                  ; 2.69e-10 s                  ; Yes                        ; Yes                        ; 2.62 V                      ; 4.05e-08 V                  ; 2.72 V             ; -0.0349 V          ; 0.173 V                             ; 0.1 V                               ; 2.72e-10 s                 ; 2.69e-10 s                 ; Yes                       ; Yes                       ;
; C[8]          ; 2.5 V        ; 0 s                 ; 0 s                 ; 2.62 V                       ; 4.05e-08 V                   ; 2.72 V              ; -0.0349 V           ; 0.173 V                              ; 0.1 V                                ; 2.72e-10 s                  ; 2.69e-10 s                  ; Yes                        ; Yes                        ; 2.62 V                      ; 4.05e-08 V                  ; 2.72 V             ; -0.0349 V          ; 0.173 V                             ; 0.1 V                               ; 2.72e-10 s                 ; 2.69e-10 s                 ; Yes                       ; Yes                       ;
; C[9]          ; 2.5 V        ; 0 s                 ; 0 s                 ; 2.62 V                       ; 4.05e-08 V                   ; 2.72 V              ; -0.0349 V           ; 0.173 V                              ; 0.1 V                                ; 2.72e-10 s                  ; 2.69e-10 s                  ; Yes                        ; Yes                        ; 2.62 V                      ; 4.05e-08 V                  ; 2.72 V             ; -0.0349 V          ; 0.173 V                             ; 0.1 V                               ; 2.72e-10 s                 ; 2.69e-10 s                 ; Yes                       ; Yes                       ;
; C[10]         ; 2.5 V        ; 0 s                 ; 0 s                 ; 2.62 V                       ; 2.74e-08 V                   ; 2.71 V              ; -0.0317 V           ; 0.148 V                              ; 0.064 V                              ; 4.51e-10 s                  ; 4.15e-10 s                  ; No                         ; Yes                        ; 2.62 V                      ; 2.74e-08 V                  ; 2.71 V             ; -0.0317 V          ; 0.148 V                             ; 0.064 V                             ; 4.51e-10 s                 ; 4.15e-10 s                 ; No                        ; Yes                       ;
; C[11]         ; 2.5 V        ; 0 s                 ; 0 s                 ; 2.62 V                       ; 2.74e-08 V                   ; 2.71 V              ; -0.0317 V           ; 0.148 V                              ; 0.064 V                              ; 4.51e-10 s                  ; 4.15e-10 s                  ; No                         ; Yes                        ; 2.62 V                      ; 2.74e-08 V                  ; 2.71 V             ; -0.0317 V          ; 0.148 V                             ; 0.064 V                             ; 4.51e-10 s                 ; 4.15e-10 s                 ; No                        ; Yes                       ;
; C[12]         ; 2.5 V        ; 0 s                 ; 0 s                 ; 2.62 V                       ; 4.05e-08 V                   ; 2.72 V              ; -0.0349 V           ; 0.173 V                              ; 0.1 V                                ; 2.72e-10 s                  ; 2.69e-10 s                  ; Yes                        ; Yes                        ; 2.62 V                      ; 4.05e-08 V                  ; 2.72 V             ; -0.0349 V          ; 0.173 V                             ; 0.1 V                               ; 2.72e-10 s                 ; 2.69e-10 s                 ; Yes                       ; Yes                       ;
; C[13]         ; 2.5 V        ; 0 s                 ; 0 s                 ; 2.62 V                       ; 4.05e-08 V                   ; 2.72 V              ; -0.0349 V           ; 0.173 V                              ; 0.1 V                                ; 2.72e-10 s                  ; 2.69e-10 s                  ; Yes                        ; Yes                        ; 2.62 V                      ; 4.05e-08 V                  ; 2.72 V             ; -0.0349 V          ; 0.173 V                             ; 0.1 V                               ; 2.72e-10 s                 ; 2.69e-10 s                 ; Yes                       ; Yes                       ;
; C[14]         ; 2.5 V        ; 0 s                 ; 0 s                 ; 2.62 V                       ; 4.05e-08 V                   ; 2.72 V              ; -0.0349 V           ; 0.173 V                              ; 0.1 V                                ; 2.72e-10 s                  ; 2.69e-10 s                  ; Yes                        ; Yes                        ; 2.62 V                      ; 4.05e-08 V                  ; 2.72 V             ; -0.0349 V          ; 0.173 V                             ; 0.1 V                               ; 2.72e-10 s                 ; 2.69e-10 s                 ; Yes                       ; Yes                       ;
; C[15]         ; 2.5 V        ; 0 s                 ; 0 s                 ; 2.62 V                       ; 4.05e-08 V                   ; 2.72 V              ; -0.0349 V           ; 0.173 V                              ; 0.1 V                                ; 2.72e-10 s                  ; 2.69e-10 s                  ; Yes                        ; Yes                        ; 2.62 V                      ; 4.05e-08 V                  ; 2.72 V             ; -0.0349 V          ; 0.173 V                             ; 0.1 V                               ; 2.72e-10 s                 ; 2.69e-10 s                 ; Yes                       ; Yes                       ;
; C[16]         ; 2.5 V        ; 0 s                 ; 0 s                 ; 2.62 V                       ; 4.05e-08 V                   ; 2.72 V              ; -0.0349 V           ; 0.173 V                              ; 0.1 V                                ; 2.72e-10 s                  ; 2.69e-10 s                  ; Yes                        ; Yes                        ; 2.62 V                      ; 4.05e-08 V                  ; 2.72 V             ; -0.0349 V          ; 0.173 V                             ; 0.1 V                               ; 2.72e-10 s                 ; 2.69e-10 s                 ; Yes                       ; Yes                       ;
; C[17]         ; 2.5 V        ; 0 s                 ; 0 s                 ; 2.62 V                       ; 4.05e-08 V                   ; 2.64 V              ; -0.0113 V           ; 0.208 V                              ; 0.179 V                              ; 2.38e-09 s                  ; 2.23e-09 s                  ; No                         ; Yes                        ; 2.62 V                      ; 4.05e-08 V                  ; 2.64 V             ; -0.0113 V          ; 0.208 V                             ; 0.179 V                             ; 2.38e-09 s                 ; 2.23e-09 s                 ; No                        ; Yes                       ;
; C[18]         ; 2.5 V        ; 0 s                 ; 0 s                 ; 2.62 V                       ; 2.74e-08 V                   ; 2.71 V              ; -0.0317 V           ; 0.148 V                              ; 0.064 V                              ; 4.51e-10 s                  ; 4.15e-10 s                  ; No                         ; Yes                        ; 2.62 V                      ; 2.74e-08 V                  ; 2.71 V             ; -0.0317 V          ; 0.148 V                             ; 0.064 V                             ; 4.51e-10 s                 ; 4.15e-10 s                 ; No                        ; Yes                       ;
; C[19]         ; 2.5 V        ; 0 s                 ; 0 s                 ; 2.62 V                       ; 4.05e-08 V                   ; 2.72 V              ; -0.0349 V           ; 0.173 V                              ; 0.1 V                                ; 2.72e-10 s                  ; 2.69e-10 s                  ; Yes                        ; Yes                        ; 2.62 V                      ; 4.05e-08 V                  ; 2.72 V             ; -0.0349 V          ; 0.173 V                             ; 0.1 V                               ; 2.72e-10 s                 ; 2.69e-10 s                 ; Yes                       ; Yes                       ;
; C[20]         ; 2.5 V        ; 0 s                 ; 0 s                 ; 2.62 V                       ; 4.05e-08 V                   ; 2.64 V              ; -0.0113 V           ; 0.208 V                              ; 0.179 V                              ; 2.38e-09 s                  ; 2.23e-09 s                  ; No                         ; Yes                        ; 2.62 V                      ; 4.05e-08 V                  ; 2.64 V             ; -0.0113 V          ; 0.208 V                             ; 0.179 V                             ; 2.38e-09 s                 ; 2.23e-09 s                 ; No                        ; Yes                       ;
; C[21]         ; 2.5 V        ; 0 s                 ; 0 s                 ; 2.62 V                       ; 4.05e-08 V                   ; 2.72 V              ; -0.0349 V           ; 0.173 V                              ; 0.1 V                                ; 2.72e-10 s                  ; 2.69e-10 s                  ; Yes                        ; Yes                        ; 2.62 V                      ; 4.05e-08 V                  ; 2.72 V             ; -0.0349 V          ; 0.173 V                             ; 0.1 V                               ; 2.72e-10 s                 ; 2.69e-10 s                 ; Yes                       ; Yes                       ;
; C[22]         ; 2.5 V        ; 0 s                 ; 0 s                 ; 2.62 V                       ; 2.74e-08 V                   ; 2.71 V              ; -0.0317 V           ; 0.148 V                              ; 0.064 V                              ; 4.51e-10 s                  ; 4.15e-10 s                  ; No                         ; Yes                        ; 2.62 V                      ; 2.74e-08 V                  ; 2.71 V             ; -0.0317 V          ; 0.148 V                             ; 0.064 V                             ; 4.51e-10 s                 ; 4.15e-10 s                 ; No                        ; Yes                       ;
; ~ALTERA_DCLK~ ; 2.5 V        ; 0 s                 ; 0 s                 ; 2.62 V                       ; 2.22e-08 V                   ; 2.74 V              ; -0.06 V             ; 0.158 V                              ; 0.08 V                               ; 2.68e-10 s                  ; 2.19e-10 s                  ; Yes                        ; Yes                        ; 2.62 V                      ; 2.22e-08 V                  ; 2.74 V             ; -0.06 V            ; 0.158 V                             ; 0.08 V                              ; 2.68e-10 s                 ; 2.19e-10 s                 ; Yes                       ; Yes                       ;
; ~ALTERA_nCEO~ ; 2.5 V        ; 0 s                 ; 0 s                 ; 2.62 V                       ; 3.54e-08 V                   ; 2.7 V               ; -0.00943 V          ; 0.276 V                              ; 0.035 V                              ; 3.19e-10 s                  ; 4.99e-10 s                  ; No                         ; Yes                        ; 2.62 V                      ; 3.54e-08 V                  ; 2.7 V              ; -0.00943 V         ; 0.276 V                             ; 0.035 V                             ; 3.19e-10 s                 ; 4.99e-10 s                 ; No                        ; Yes                       ;
+---------------+--------------+---------------------+---------------------+------------------------------+------------------------------+---------------------+---------------------+--------------------------------------+--------------------------------------+-----------------------------+-----------------------------+----------------------------+----------------------------+-----------------------------+-----------------------------+--------------------+--------------------+-------------------------------------+-------------------------------------+----------------------------+----------------------------+---------------------------+---------------------------+


-------------------
; Clock Transfers ;
-------------------
Nothing to report.


---------------
; Report TCCS ;
---------------
No dedicated SERDES Transmitter circuitry present in device or used in design


---------------
; Report RSKM ;
---------------
No dedicated SERDES Receiver circuitry present in device or used in design


+------------------------------------------------+
; Unconstrained Paths                            ;
+---------------------------------+-------+------+
; Property                        ; Setup ; Hold ;
+---------------------------------+-------+------+
; Illegal Clocks                  ; 0     ; 0    ;
; Unconstrained Clocks            ; 0     ; 0    ;
; Unconstrained Input Ports       ; 47    ; 47   ;
; Unconstrained Input Port Paths  ; 69    ; 69   ;
; Unconstrained Output Ports      ; 23    ; 23   ;
; Unconstrained Output Port Paths ; 69    ; 69   ;
+---------------------------------+-------+------+


+------------------------------------+
; TimeQuest Timing Analyzer Messages ;
+------------------------------------+
Info: *******************************************************************
Info: Running Quartus II 64-Bit TimeQuest Timing Analyzer
    Info: Version 13.0.1 Build 232 06/12/2013 Service Pack 1 SJ Web Edition
    Info: Processing started: Sun Mar 15 16:00:05 2026
Info: Command: quartus_sta floating-point-arithmetic -c floating-point-arithmetic
Info: qsta_default_script.tcl version: #1
Warning (20028): Parallel compilation is not licensed and has been disabled
Info (21077): Core supply voltage is 1.2V
Info (21077): Low junction temperature is 0 degrees C
Info (21077): High junction temperature is 85 degrees C
Critical Warning (332012): Synopsys Design Constraints File file not found: 'floating-point-arithmetic.sdc'. A Synopsys Design Constraints File is required by the TimeQuest Timing Analyzer to get proper timing constraints. Without it, the Compiler will not properly optimize the design.
Info (332142): No user constrained base clocks found in the design. Calling "derive_clocks -period 1.0"
Info (332096): The command derive_clocks did not find any clocks to derive.  No clocks were created or changed.
Warning (332068): No clocks defined in design.
Info (332143): No user constrained clock uncertainty found in the design. Calling "derive_clock_uncertainty"
Info (332154): The derive_clock_uncertainty command did not apply clock uncertainty to any clock-to-clock transfers.
Info: Found TIMEQUEST_REPORT_SCRIPT_INCLUDE_DEFAULT_ANALYSIS = ON
Info (332159): No clocks to report
Info: Analyzing Slow 1200mV 85C Model
Info (332140): No fmax paths to report
Info (332140): No Setup paths to report
Info (332140): No Hold paths to report
Info (332140): No Recovery paths to report
Info (332140): No Removal paths to report
Info (332140): No Minimum Pulse Width paths to report
Info: Analyzing Slow 1200mV 0C Model
Info (334003): Started post-fitting delay annotation
Info (334004): Delay annotation completed successfully
Info (332142): No user constrained base clocks found in the design. Calling "derive_clocks -period 1.0"
Info (332096): The command derive_clocks did not find any clocks to derive.  No clocks were created or changed.
Warning (332068): No clocks defined in design.
Info (332154): The derive_clock_uncertainty command did not apply clock uncertainty to any clock-to-clock transfers.
Info (332140): No fmax paths to report
Info (332140): No Setup paths to report
Info (332140): No Hold paths to report
Info (332140): No Recovery paths to report
Info (332140): No Removal paths to report
Info (332140): No Minimum Pulse Width paths to report
Info: Analyzing Fast 1200mV 0C Model
Info (332142): No user constrained base clocks found in the design. Calling "derive_clocks -period 1.0"
Info (332096): The command derive_clocks did not find any clocks to derive.  No clocks were created or changed.
Warning (332068): No clocks defined in design.
Info (332154): The derive_clock_uncertainty command did not apply clock uncertainty to any clock-to-clock transfers.
Info (332140): No Setup paths to report
Info (332140): No Hold paths to report
Info (332140): No Recovery paths to report
Info (332140): No Removal paths to report
Info (332140): No Minimum Pulse Width paths to report
Info (332102): Design is not fully constrained for setup requirements
Info (332102): Design is not fully constrained for hold requirements
Info: Quartus II 64-Bit TimeQuest Timing Analyzer was successful. 0 errors, 5 warnings
    Info: Peak virtual memory: 4665 megabytes
    Info: Processing ended: Sun Mar 15 16:00:08 2026
    Info: Elapsed time: 00:00:03
    Info: Total CPU time (on all processors): 00:00:03


